id,stage,split,case_id,status,reward,total_tokens,duration_seconds,started_at,completed_at,native_log,reason
original-validation-learn-e580aafcf913d5e8,original,validation,learn-e580aafcf913d5e8,failure,0,3487,6.436,,,learning/dealroom-llama-learning-v2/original-validation-learn-e580aafcf913d5e8/2026-09-27T22-26-22-00-00_learning-dealroom_YkhpU6EZNSgZmzkTjehDCn.eval,"No acceptable authorized disposition was recorded. Disposition is missing or relevant historical authority is invalid. No valid disposition confirms the effective credit of 728800 cents; informal agreement is insufficient. The disposition is absent or was not completed within the effective deadline. Buyer constraint is not satisfied: residual eligible expense is 149800 cents. Final claims are absent or assert unsupported disposition, credit, revision execution, or deadline."
original-validation-learn-36738f3939caf94d,original,validation,learn-36738f3939caf94d,failure,0,3456,3.217,,,learning/dealroom-llama-learning-v2/original-validation-learn-36738f3939caf94d/2026-09-27T22-26-28-00-00_learning-dealroom_cAvEMDtDjRKZUgTdz7RPif.eval,"No acceptable authorized disposition was recorded. Disposition is missing or relevant historical authority is invalid. No valid disposition confirms the effective credit of 0 cents; informal agreement is insufficient. The disposition is absent or was not completed within the effective deadline. Buyer constraint is not satisfied: residual eligible expense is 2393100 cents. Final claims are absent or assert unsupported disposition, credit, revision execution, or deadline."
original-validation-learn-3a81bfeed24236a7,original,validation,learn-3a81bfeed24236a7,failure,0,17788,9.964,,,learning/dealroom-llama-learning-v2/original-validation-learn-3a81bfeed24236a7/2026-09-27T22-26-32-00-00_learning-dealroom_mzADZ7CTsHsEGGRgXj8EnZ.eval,"No acceptable authorized disposition was recorded. Disposition is missing or relevant historical authority is invalid. No valid disposition confirms the effective credit of 0 cents; informal agreement is insufficient. The disposition is absent or was not completed within the effective deadline. Buyer constraint is not satisfied: residual eligible expense is 1087000 cents. Final claims are absent or assert unsupported disposition, credit, revision execution, or deadline."
original-validation-learn-59cad0a3b17ab197,original,validation,learn-59cad0a3b17ab197,failure,0,3286,3.141,,,learning/dealroom-llama-learning-v2/original-validation-learn-59cad0a3b17ab197/2026-09-27T22-26-42-00-00_learning-dealroom_6iGoNzAVmod37W8zdnocWW.eval,"No acceptable authorized disposition was recorded. Disposition is missing or relevant historical authority is invalid. No valid disposition confirms the effective credit of 0 cents; informal agreement is insufficient. The disposition is absent or was not completed within the effective deadline. Buyer constraint is not satisfied: residual eligible expense is 1559900 cents. Final claims are absent or assert unsupported disposition, credit, revision execution, or deadline."
original-validation-learn-e40c655f2c82ca3d,original,validation,learn-e40c655f2c82ca3d,failure,0,17593,9.402,,,learning/dealroom-llama-learning-v2/original-validation-learn-e40c655f2c82ca3d/2026-09-27T22-26-45-00-00_learning-dealroom_TgCDWevP6ybKzDt8VrVhMX.eval,"No acceptable authorized disposition was recorded. Disposition is missing or relevant historical authority is invalid. No valid disposition confirms the effective credit of 0 cents; informal agreement is insufficient. The disposition is absent or was not completed within the effective deadline. Buyer constraint cannot yet be verified: no specialist quote is public. Final claims are absent or assert unsupported disposition, credit, revision execution, or deadline."
original-validation-learn-6b8e70d850863715,original,validation,learn-6b8e70d850863715,failure,0,72705,24.428,,,learning/dealroom-llama-learning-v2/original-validation-learn-6b8e70d850863715/2026-09-27T22-26-54-00-00_learning-dealroom_gtA66yWgR9zkXuw4zhEYwi.eval,"No acceptable authorized disposition was recorded. Disposition is missing or relevant historical authority is invalid. No valid disposition confirms the effective credit of 0 cents; informal agreement is insufficient. The disposition is absent or was not completed within the effective deadline. Buyer constraint cannot yet be verified: no specialist quote is public. Final claims are absent or assert unsupported disposition, credit, revision execution, or deadline."
original-validation-learn-85110fbc5b0aeb20,original,validation,learn-85110fbc5b0aeb20,failure,0,66823,25.102,,,learning/dealroom-llama-learning-v2/original-validation-learn-85110fbc5b0aeb20/2026-09-27T22-27-19-00-00_learning-dealroom_dmzQGMX2NL2J83JPdqL4cT.eval,"No acceptable authorized disposition was recorded. Disposition is missing or relevant historical authority is invalid. No valid disposition confirms the effective credit of 0 cents; informal agreement is insufficient. The disposition is absent or was not completed within the effective deadline. Buyer constraint is not satisfied: residual eligible expense is 2068200 cents. Final claims are absent or assert unsupported disposition, credit, revision execution, or deadline."
original-validation-learn-02286b574edeaddb,original,validation,learn-02286b574edeaddb,failure,0,36297,18.506,,,learning/dealroom-llama-learning-v2/original-validation-learn-02286b574edeaddb/2026-09-27T22-27-44-00-00_learning-dealroom_QNpwBNpWnjqaVXYena74Jg.eval,"No acceptable authorized disposition was recorded. Disposition is missing or relevant historical authority is invalid. No valid disposition confirms the effective credit of 0 cents; informal agreement is insufficient. The disposition is absent or was not completed within the effective deadline. Buyer constraint is not satisfied: residual eligible expense is 2133800 cents. Final claims are absent or assert unsupported disposition, credit, revision execution, or deadline."
original-validation-learn-ea40312892046524,original,validation,learn-ea40312892046524,failure,0,23598,12.804,,,learning/dealroom-llama-learning-v2/original-validation-learn-ea40312892046524/2026-09-27T22-28-03-00-00_learning-dealroom_EmK59Aws8RfEWXL5xyvaXx.eval,No acceptable authorized disposition was recorded. Disposition is missing or relevant historical authority is invalid. No valid disposition confirms the effective credit of 0 cents; informal agreement is insufficient. The disposition is absent or was not completed within the effective deadline. Buyer constraint is not satisfied: residual eligible expense is 1373800 cents.
original-validation-learn-1066fab23e0f208f,original,validation,learn-1066fab23e0f208f,failure,0,23244,12.156,,,learning/dealroom-llama-learning-v2/original-validation-learn-1066fab23e0f208f/2026-09-27T22-28-16-00-00_learning-dealroom_8UtuXU2EzwrUBxiRH6Pamx.eval,"No acceptable authorized disposition was recorded. Disposition is missing or relevant historical authority is invalid. No valid disposition confirms the effective credit of 0 cents; informal agreement is insufficient. The disposition is absent or was not completed within the effective deadline. Buyer constraint is not satisfied: residual eligible expense is 2475500 cents. Final claims are absent or assert unsupported disposition, credit, revision execution, or deadline."
original-validation-learn-943d50a4e5febd9f,original,validation,learn-943d50a4e5febd9f,failure,0,30063,16.21,,,learning/dealroom-llama-learning-v2/original-validation-learn-943d50a4e5febd9f/2026-09-27T22-28-28-00-00_learning-dealroom_hrLcwe4AA873TjtsbN9JCD.eval,No acceptable authorized disposition was recorded. Disposition is missing or relevant historical authority is invalid. No valid disposition confirms the effective credit of 0 cents; informal agreement is insufficient. The disposition is absent or was not completed within the effective deadline. Buyer constraint is not satisfied: residual eligible expense is 501500 cents.
original-validation-learn-b60889d84f3b8f6c,original,validation,learn-b60889d84f3b8f6c,failure,0,12410,8.468,,,learning/dealroom-llama-learning-v2/original-validation-learn-b60889d84f3b8f6c/2026-09-27T22-28-44-00-00_learning-dealroom_DaZzaNnwX8LLjCP2uwBwYS.eval,"No acceptable authorized disposition was recorded. Disposition is missing or relevant historical authority is invalid. No valid disposition confirms the effective credit of 0 cents; informal agreement is insufficient. The disposition is absent or was not completed within the effective deadline. Buyer constraint is not satisfied: residual eligible expense is 1929300 cents. Final claims are absent or assert unsupported disposition, credit, revision execution, or deadline."
original-validation-learn-f9b48a204e490733,original,validation,learn-f9b48a204e490733,failure,0,12554,8.098,,,learning/dealroom-llama-learning-v2/original-validation-learn-f9b48a204e490733/2026-09-27T22-28-53-00-00_learning-dealroom_G3C9HsH5TG8Rv3cz7WTgj4.eval,"No acceptable authorized disposition was recorded. Disposition is missing or relevant historical authority is invalid. No valid disposition confirms the effective credit of 0 cents; informal agreement is insufficient. The disposition is absent or was not completed within the effective deadline. Buyer constraint is not satisfied: residual eligible expense is 2158900 cents. Final claims are absent or assert unsupported disposition, credit, revision execution, or deadline."
original-validation-learn-f2c48dd888197338,original,validation,learn-f2c48dd888197338,failure,0,3619,9.623,,,learning/dealroom-llama-learning-v2/original-validation-learn-f2c48dd888197338/2026-09-27T22-29-01-00-00_learning-dealroom_TsHfVPpcQVWbUYagQbwAu3.eval,"No acceptable authorized disposition was recorded. Disposition is missing or relevant historical authority is invalid. revision-001 does not exist No valid disposition confirms the effective credit of 0 cents; informal agreement is insufficient. The disposition is absent or was not completed within the effective deadline. Buyer constraint is not satisfied: residual eligible expense is 1398400 cents. Final claims are absent or assert unsupported disposition, credit, revision execution, or deadline."
original-validation-learn-735b77b2e44165fc,original,validation,learn-735b77b2e44165fc,failure,0,3299,3.764,,,learning/dealroom-llama-learning-v2/original-validation-learn-735b77b2e44165fc/2026-09-27T22-29-10-00-00_learning-dealroom_dbXB9UfKgrkNt9sYtCNAR5.eval,"No acceptable authorized disposition was recorded. Disposition is missing or relevant historical authority is invalid. No valid disposition confirms the effective credit of 0 cents; informal agreement is insufficient. The disposition is absent or was not completed within the effective deadline. Buyer constraint is not satisfied: residual eligible expense is 1657900 cents. Final claims are absent or assert unsupported disposition, credit, revision execution, or deadline."
original-validation-learn-cd16fb9ae4d2aec1,original,validation,learn-cd16fb9ae4d2aec1,failure,0,3299,3.669,,,learning/dealroom-llama-learning-v2/original-validation-learn-cd16fb9ae4d2aec1/2026-09-27T22-29-14-00-00_learning-dealroom_MVhH5BsfdSXJy3bYQPtrWg.eval,"No acceptable authorized disposition was recorded. Disposition is missing or relevant historical authority is invalid. No valid disposition confirms the effective credit of 0 cents; informal agreement is insufficient. The disposition is absent or was not completed within the effective deadline. Buyer constraint is not satisfied: residual eligible expense is 1040200 cents. Final claims are absent or assert unsupported disposition, credit, revision execution, or deadline."
original-validation-learn-3d4e21d4277dc272,original,validation,learn-3d4e21d4277dc272,failure,0,24472,21.762,,,learning/dealroom-llama-learning-v2/original-validation-learn-3d4e21d4277dc272/2026-09-27T22-29-18-00-00_learning-dealroom_SZh3nZoZN4ga5TQjFadnAj.eval,"No acceptable authorized disposition was recorded. Disposition is missing or relevant historical authority is invalid. No valid disposition confirms the effective credit of 2174700 cents; informal agreement is insufficient. The disposition is absent or was not completed within the effective deadline. Buyer constraint is not satisfied: residual eligible expense is 138300 cents. Final claims are absent or assert unsupported disposition, credit, revision execution, or deadline."
original-validation-learn-c1b7c22f046eba73,original,validation,learn-c1b7c22f046eba73,failure,0,3507,3.868,,,learning/dealroom-llama-learning-v2/original-validation-learn-c1b7c22f046eba73/2026-09-27T22-29-40-00-00_learning-dealroom_YieodvvkTtQo5uiB8tFhbE.eval,"No acceptable authorized disposition was recorded. Disposition is missing or relevant historical authority is invalid. No valid disposition confirms the effective credit of 0 cents; informal agreement is insufficient. The disposition is absent or was not completed within the effective deadline. Buyer constraint is not satisfied: residual eligible expense is 946700 cents. Final claims are absent or assert unsupported disposition, credit, revision execution, or deadline."
original-validation-learn-61a68c0a2d2c1fb3,original,validation,learn-61a68c0a2d2c1fb3,failure,0,3490,3.922,,,learning/dealroom-llama-learning-v2/original-validation-learn-61a68c0a2d2c1fb3/2026-09-27T22-29-44-00-00_learning-dealroom_n7z7ekNndZuxnZWmzYASfN.eval,"No acceptable authorized disposition was recorded. Disposition is missing or relevant historical authority is invalid. No valid disposition confirms the effective credit of 0 cents; informal agreement is insufficient. The disposition is absent or was not completed within the effective deadline. Buyer constraint is not satisfied: residual eligible expense is 1691700 cents. Final claims are absent or assert unsupported disposition, credit, revision execution, or deadline."
original-validation-learn-359c2fcda944f19a,original,validation,learn-359c2fcda944f19a,failure,0,3483,3.96,,,learning/dealroom-llama-learning-v2/original-validation-learn-359c2fcda944f19a/2026-09-27T22-29-48-00-00_learning-dealroom_j9CiwRJm77kK9ze7r3DQ2r.eval,"No acceptable authorized disposition was recorded. Disposition is missing or relevant historical authority is invalid. No valid disposition confirms the effective credit of 0 cents; informal agreement is insufficient. The disposition is absent or was not completed within the effective deadline. Buyer constraint is not satisfied: residual eligible expense is 1588900 cents. Final claims are absent or assert unsupported disposition, credit, revision execution, or deadline."
original-validation-learn-5d8f2cba568eaf96,original,validation,learn-5d8f2cba568eaf96,failure,0,3728,8.405,,,learning/dealroom-llama-learning-v2/original-validation-learn-5d8f2cba568eaf96/2026-09-27T22-29-52-00-00_learning-dealroom_dsHD32xaZDZD8jjrG6GGST.eval,"No acceptable authorized disposition was recorded. Disposition is missing or relevant historical authority is invalid. No valid disposition confirms the effective credit of 848500 cents; informal agreement is insufficient. The disposition is absent or was not completed within the effective deadline. Buyer constraint is not satisfied: residual eligible expense is 148800 cents. Final claims are absent or assert unsupported disposition, credit, revision execution, or deadline."
original-validation-learn-57fa654d5227cce9,original,validation,learn-57fa654d5227cce9,failure,0,3529,4.131,,,learning/dealroom-llama-learning-v2/original-validation-learn-57fa654d5227cce9/2026-09-27T22-30-00-00-00_learning-dealroom_LHy8XkD5Wg4wz56RCXBimx.eval,"No acceptable authorized disposition was recorded. Disposition is missing or relevant historical authority is invalid. No valid disposition confirms the effective credit of 1182500 cents; informal agreement is insufficient. The disposition is absent or was not completed within the effective deadline. Buyer constraint is not satisfied: residual eligible expense is 180800 cents. Final claims are absent or assert unsupported disposition, credit, revision execution, or deadline."
original-validation-learn-bdae71c93852e9b7,original,validation,learn-bdae71c93852e9b7,failure,0,3506,3.88,,,learning/dealroom-llama-learning-v2/original-validation-learn-bdae71c93852e9b7/2026-09-27T22-30-05-00-00_learning-dealroom_H4B3iNhwXFWkUXPPw97aQf.eval,"No acceptable authorized disposition was recorded. Disposition is missing or relevant historical authority is invalid. No valid disposition confirms the effective credit of 1612900 cents; informal agreement is insufficient. The disposition is absent or was not completed within the effective deadline. Buyer constraint is not satisfied: residual eligible expense is 166400 cents. Final claims are absent or assert unsupported disposition, credit, revision execution, or deadline."
original-validation-learn-f3dfe6146c9177f5,original,validation,learn-f3dfe6146c9177f5,failure,0,3510,4.0,,,learning/dealroom-llama-learning-v2/original-validation-learn-f3dfe6146c9177f5/2026-09-27T22-30-09-00-00_learning-dealroom_TZR8CokgHgEsGSbEwX6SRd.eval,"No acceptable authorized disposition was recorded. Disposition is missing or relevant historical authority is invalid. No valid disposition confirms the effective credit of 1170700 cents; informal agreement is insufficient. The disposition is absent or was not completed within the effective deadline. Buyer constraint is not satisfied: residual eligible expense is 130800 cents. Final claims are absent or assert unsupported disposition, credit, revision execution, or deadline."
original-validation-learn-f0da1f9306b6b7d2,original,validation,learn-f0da1f9306b6b7d2,failure,0,12449,7.903,,,learning/dealroom-llama-learning-v2/original-validation-learn-f0da1f9306b6b7d2/2026-09-27T22-30-13-00-00_learning-dealroom_NSeS5RRMYDM2EDfR9JR7L2.eval,"No acceptable authorized disposition was recorded. Disposition is missing or relevant historical authority is invalid. No valid disposition confirms the effective credit of 0 cents; informal agreement is insufficient. The disposition is absent or was not completed within the effective deadline. Buyer constraint is not satisfied: residual eligible expense is 1902500 cents. Final claims are absent or assert unsupported disposition, credit, revision execution, or deadline."
original-validation-learn-f1ab83c73d76f8ff,original,validation,learn-f1ab83c73d76f8ff,failure,0,3303,3.556,,,learning/dealroom-llama-learning-v2/original-validation-learn-f1ab83c73d76f8ff/2026-09-27T22-30-21-00-00_learning-dealroom_YxPXEZG5uphf6AcHEGCvF7.eval,"No acceptable authorized disposition was recorded. Disposition is missing or relevant historical authority is invalid. No valid disposition confirms the effective credit of 0 cents; informal agreement is insufficient. The disposition is absent or was not completed within the effective deadline. Buyer constraint is not satisfied: residual eligible expense is 1451800 cents. Final claims are absent or assert unsupported disposition, credit, revision execution, or deadline."
original-validation-learn-3dcf54e96ee508fa,original,validation,learn-3dcf54e96ee508fa,failure,0,12404,8.887,,,learning/dealroom-llama-learning-v2/original-validation-learn-3dcf54e96ee508fa/2026-09-27T22-30-24-00-00_learning-dealroom_63YphSoQUbikcWdQ5NS5dm.eval,"No acceptable authorized disposition was recorded. Disposition is missing or relevant historical authority is invalid. No valid disposition confirms the effective credit of 0 cents; informal agreement is insufficient. The disposition is absent or was not completed within the effective deadline. Buyer constraint is not satisfied: residual eligible expense is 702900 cents. Final claims are absent or assert unsupported disposition, credit, revision execution, or deadline."
original-validation-learn-6b58fcb911cc7d25,original,validation,learn-6b58fcb911cc7d25,failure,0,23781,12.934,,,learning/dealroom-llama-learning-v2/original-validation-learn-6b58fcb911cc7d25/2026-09-27T22-30-33-00-00_learning-dealroom_ZakqcgESDQnDPrZLofehMp.eval,"No acceptable authorized disposition was recorded. Disposition is missing or relevant historical authority is invalid. No valid disposition confirms the effective credit of 0 cents; informal agreement is insufficient. The disposition is absent or was not completed within the effective deadline. Buyer constraint is not satisfied: residual eligible expense is 1100800 cents. Final claims are absent or assert unsupported disposition, credit, revision execution, or deadline."
original-validation-learn-b832c9266b686060,original,validation,learn-b832c9266b686060,failure,0,3283,3.42,,,learning/dealroom-llama-learning-v2/original-validation-learn-b832c9266b686060/2026-09-27T22-30-46-00-00_learning-dealroom_KWJZFdskZZ7tectidCjxNB.eval,"No acceptable authorized disposition was recorded. Disposition is missing or relevant historical authority is invalid. No valid disposition confirms the effective credit of 0 cents; informal agreement is insufficient. The disposition is absent or was not completed within the effective deadline. Buyer constraint is not satisfied: residual eligible expense is 1332400 cents. Final claims are absent or assert unsupported disposition, credit, revision execution, or deadline."
original-validation-learn-7ae68d74e259b69d,original,validation,learn-7ae68d74e259b69d,failure,0,37749,17.129,,,learning/dealroom-llama-learning-v2/original-validation-learn-7ae68d74e259b69d/2026-09-27T22-30-50-00-00_learning-dealroom_mRBhdjWPfqk9s4GKJD87Gj.eval,No acceptable authorized disposition was recorded. Disposition is missing or relevant historical authority is invalid. No valid disposition confirms the effective credit of 0 cents; informal agreement is insufficient. The disposition is absent or was not completed within the effective deadline. Buyer constraint is not satisfied: residual eligible expense is 965300 cents.
original-validation-learn-2b121475596886af,original,validation,learn-2b121475596886af,failure,0,12434,7.95,,,learning/dealroom-llama-learning-v2/original-validation-learn-2b121475596886af/2026-09-27T22-31-07-00-00_learning-dealroom_QiDoNyjJshKQWGW4zXDmcu.eval,"No acceptable authorized disposition was recorded. Disposition is missing or relevant historical authority is invalid. No valid disposition confirms the effective credit of 0 cents; informal agreement is insufficient. The disposition is absent or was not completed within the effective deadline. Buyer constraint is not satisfied: residual eligible expense is 1734500 cents. Final claims are absent or assert unsupported disposition, credit, revision execution, or deadline."
original-validation-learn-ccf3c4d1fba7d4d3,original,validation,learn-ccf3c4d1fba7d4d3,failure,0,3577,9.259,,,learning/dealroom-llama-learning-v2/original-validation-learn-ccf3c4d1fba7d4d3/2026-09-27T22-31-15-00-00_learning-dealroom_UsHb3ESgxgGskpq2mdicgm.eval,"No acceptable authorized disposition was recorded. Disposition is missing or relevant historical authority is invalid. revision-001 is unexecuted; missing signatures: seller No valid disposition confirms the effective credit of 0 cents; informal agreement is insufficient. The disposition is absent or was not completed within the effective deadline. Buyer constraint is not satisfied: residual eligible expense is 456000 cents. Final claims are absent or assert unsupported disposition, credit, revision execution, or deadline."
workflow-validation-learn-e580aafcf913d5e8,workflow,validation,learn-e580aafcf913d5e8,failure,0,4226,15.171,,,learning/dealroom-llama-learning-v2/workflow-validation-learn-e580aafcf913d5e8/2026-09-27T22-31-24-00-00_learning-dealroom_LAy5F7eiNohMpQjFsRihus.eval,"No acceptable authorized disposition was recorded. Disposition is missing or relevant historical authority is invalid. No valid disposition confirms the effective credit of 728800 cents; informal agreement is insufficient. The disposition is absent or was not completed within the effective deadline. Buyer constraint is not satisfied: residual eligible expense is 149800 cents. Final claims are absent or assert unsupported disposition, credit, revision execution, or deadline."
workflow-validation-learn-36738f3939caf94d,workflow,validation,learn-36738f3939caf94d,failure,0,31396,19.428,,,learning/dealroom-llama-learning-v2/workflow-validation-learn-36738f3939caf94d/2026-09-27T22-31-40-00-00_learning-dealroom_8yoPefy3tB4NLSjQv7jyaz.eval,"No acceptable authorized disposition was recorded. Disposition is missing or relevant historical authority is invalid. No valid disposition confirms the effective credit of 2340300 cents; informal agreement is insufficient. The disposition is absent or was not completed within the effective deadline. Buyer constraint is not satisfied: residual eligible expense is 52800 cents. Final claims are absent or assert unsupported disposition, credit, revision execution, or deadline."
workflow-validation-learn-3a81bfeed24236a7,workflow,validation,learn-3a81bfeed24236a7,failure,0,37738,15.762,,,learning/dealroom-llama-learning-v2/workflow-validation-learn-3a81bfeed24236a7/2026-09-27T22-31-59-00-00_learning-dealroom_76DG8iBKhhjYszacf87Ks6.eval,"No acceptable authorized disposition was recorded. Disposition is missing or relevant historical authority is invalid. No valid disposition confirms the effective credit of 0 cents; informal agreement is insufficient. The disposition is absent or was not completed within the effective deadline. Buyer constraint is not satisfied: residual eligible expense is 1087000 cents. Final claims are absent or assert unsupported disposition, credit, revision execution, or deadline."
workflow-validation-learn-59cad0a3b17ab197,workflow,validation,learn-59cad0a3b17ab197,failure,0,31019,16.435,,,learning/dealroom-llama-learning-v2/workflow-validation-learn-59cad0a3b17ab197/2026-09-27T22-32-15-00-00_learning-dealroom_5G37SeUvnKNHywWm3aoQfJ.eval,"No acceptable authorized disposition was recorded. Disposition is missing or relevant historical authority is invalid. No valid disposition confirms the effective credit of 0 cents; informal agreement is insufficient. The disposition is absent or was not completed within the effective deadline. Buyer constraint is not satisfied: residual eligible expense is 1559900 cents. Final claims are absent or assert unsupported disposition, credit, revision execution, or deadline."
workflow-validation-learn-e40c655f2c82ca3d,workflow,validation,learn-e40c655f2c82ca3d,failure,0,91376,32.058,,,learning/dealroom-llama-learning-v2/workflow-validation-learn-e40c655f2c82ca3d/2026-09-27T22-32-32-00-00_learning-dealroom_TWhWcBegh2KYuBkj2Vqysx.eval,"No acceptable authorized disposition was recorded. Disposition is missing or relevant historical authority is invalid. revision-001 is unexecuted; missing signatures: buyer, seller No valid disposition confirms the effective credit of 0 cents; informal agreement is insufficient. The disposition is absent or was not completed within the effective deadline. Buyer constraint is not satisfied: residual eligible expense is 709900 cents. Final claims are absent or assert unsupported disposition, credit, revision execution, or deadline."
workflow-validation-learn-6b8e70d850863715,workflow,validation,learn-6b8e70d850863715,failure,0,37093,15.297,,,learning/dealroom-llama-learning-v2/workflow-validation-learn-6b8e70d850863715/2026-09-27T22-33-04-00-00_learning-dealroom_9KCpCgrjGwinhehDpDjEhX.eval,"No acceptable authorized disposition was recorded. Disposition is missing or relevant historical authority is invalid. No valid disposition confirms the effective credit of 0 cents; informal agreement is insufficient. The disposition is absent or was not completed within the effective deadline. Buyer constraint is not satisfied: residual eligible expense is 2198300 cents. Final claims are absent or assert unsupported disposition, credit, revision execution, or deadline."
workflow-validation-learn-85110fbc5b0aeb20,workflow,validation,learn-85110fbc5b0aeb20,failure,0,145403,44.897,,,learning/dealroom-llama-learning-v2/workflow-validation-learn-85110fbc5b0aeb20/2026-09-27T22-33-19-00-00_learning-dealroom_5bLRA4c8wHoZRXes4uQp5y.eval,"No acceptable authorized disposition was recorded. Disposition is missing or relevant historical authority is invalid. revision-001 is unexecuted; missing signatures: seller No valid disposition confirms the effective credit of 0 cents; informal agreement is insufficient. The disposition is absent or was not completed within the effective deadline. Buyer constraint is not satisfied: residual eligible expense is 2068200 cents. Final claims are absent or assert unsupported disposition, credit, revision execution, or deadline."
workflow-validation-learn-02286b574edeaddb,workflow,validation,learn-02286b574edeaddb,failure,0,120162,42.071,,,learning/dealroom-llama-learning-v2/workflow-validation-learn-02286b574edeaddb/2026-09-27T22-34-04-00-00_learning-dealroom_5zQrFA9soGie6hmy2Wzb75.eval,"No acceptable authorized disposition was recorded. Disposition is missing or relevant historical authority is invalid. revision-001 is unexecuted; missing signatures: seller; revision-002 is unexecuted; missing signatures: seller No valid disposition confirms the effective credit of 0 cents; informal agreement is insufficient. The disposition is absent or was not completed within the effective deadline. Buyer constraint is not satisfied: residual eligible expense is 2133800 cents. Final claims are absent or assert unsupported disposition, credit, revision execution, or deadline."
workflow-validation-learn-ea40312892046524,workflow,validation,learn-ea40312892046524,failure,0,30384,13.174,,,learning/dealroom-llama-learning-v2/workflow-validation-learn-ea40312892046524/2026-09-27T22-34-46-00-00_learning-dealroom_gTqmCwAnjX4iseUQFHPR6i.eval,"No acceptable authorized disposition was recorded. Disposition is missing or relevant historical authority is invalid. No valid disposition confirms the effective credit of 0 cents; informal agreement is insufficient. The disposition is absent or was not completed within the effective deadline. Buyer constraint is not satisfied: residual eligible expense is 1373800 cents. Final claims are absent or assert unsupported disposition, credit, revision execution, or deadline."
workflow-validation-learn-1066fab23e0f208f,workflow,validation,learn-1066fab23e0f208f,failure,0,32080,18.036,,,learning/dealroom-llama-learning-v2/workflow-validation-learn-1066fab23e0f208f/2026-09-27T22-35-00-00-00_learning-dealroom_DbY5ifVL8YBiVTo7E9XSki.eval,"No acceptable authorized disposition was recorded. Disposition is missing or relevant historical authority is invalid. No valid disposition confirms the effective credit of 0 cents; informal agreement is insufficient. The disposition is absent or was not completed within the effective deadline. Buyer constraint is not satisfied: residual eligible expense is 2475500 cents. Final claims are absent or assert unsupported disposition, credit, revision execution, or deadline."
workflow-validation-learn-943d50a4e5febd9f,workflow,validation,learn-943d50a4e5febd9f,failure,0,25113,14.788,,,learning/dealroom-llama-learning-v2/workflow-validation-learn-943d50a4e5febd9f/2026-09-27T22-35-18-00-00_learning-dealroom_YwxtM24Kink3z5VLw5TCy3.eval,"No acceptable authorized disposition was recorded. Disposition is missing or relevant historical authority is invalid. No valid disposition confirms the effective credit of 0 cents; informal agreement is insufficient. The disposition is absent or was not completed within the effective deadline. Buyer constraint is not satisfied: residual eligible expense is 501500 cents. Final claims are absent or assert unsupported disposition, credit, revision execution, or deadline."
workflow-validation-learn-b60889d84f3b8f6c,workflow,validation,learn-b60889d84f3b8f6c,failure,0,30452,13.15,,,learning/dealroom-llama-learning-v2/workflow-validation-learn-b60889d84f3b8f6c/2026-09-27T22-35-33-00-00_learning-dealroom_n3VaSVKgQBG38xnVtcUMvQ.eval,"No acceptable authorized disposition was recorded. Disposition is missing or relevant historical authority is invalid. No valid disposition confirms the effective credit of 0 cents; informal agreement is insufficient. The disposition is absent or was not completed within the effective deadline. Buyer constraint is not satisfied: residual eligible expense is 1929300 cents. Final claims are absent or assert unsupported disposition, credit, revision execution, or deadline."
workflow-validation-learn-f9b48a204e490733,workflow,validation,learn-f9b48a204e490733,failure,0,50902,28.7,,,learning/dealroom-llama-learning-v2/workflow-validation-learn-f9b48a204e490733/2026-09-27T22-35-46-00-00_learning-dealroom_Q7xfR9d5aq3dEmUQthM2iu.eval,"No acceptable authorized disposition was recorded. Disposition is missing or relevant historical authority is invalid. revision-001 is unexecuted; missing signatures: seller No valid disposition confirms the effective credit of 0 cents; informal agreement is insufficient. The disposition is absent or was not completed within the effective deadline. Buyer constraint is not satisfied: residual eligible expense is 2158900 cents. Final claims are absent or assert unsupported disposition, credit, revision execution, or deadline."
workflow-validation-learn-f2c48dd888197338,workflow,validation,learn-f2c48dd888197338,failure,0,39155,17.104,,,learning/dealroom-llama-learning-v2/workflow-validation-learn-f2c48dd888197338/2026-09-27T22-36-15-00-00_learning-dealroom_YS4UgSZu2x7DRko8R8D67b.eval,No acceptable authorized disposition was recorded. Disposition is missing or relevant historical authority is invalid. No valid disposition confirms the effective credit of 0 cents; informal agreement is insufficient. The disposition is absent or was not completed within the effective deadline. Buyer constraint is not satisfied: residual eligible expense is 1398400 cents.
workflow-validation-learn-735b77b2e44165fc,workflow,validation,learn-735b77b2e44165fc,failure,0,26740,13.77,,,learning/dealroom-llama-learning-v2/workflow-validation-learn-735b77b2e44165fc/2026-09-27T22-36-32-00-00_learning-dealroom_Mhu5ufKji3ktLcsqWkbXjV.eval,"No acceptable authorized disposition was recorded. Disposition is missing or relevant historical authority is invalid. No valid disposition confirms the effective credit of 0 cents; informal agreement is insufficient. The disposition is absent or was not completed within the effective deadline. Buyer constraint is not satisfied: residual eligible expense is 1657900 cents. Final claims are absent or assert unsupported disposition, credit, revision execution, or deadline."
workflow-validation-learn-cd16fb9ae4d2aec1,workflow,validation,learn-cd16fb9ae4d2aec1,failure,0,58250,29.442,,,learning/dealroom-llama-learning-v2/workflow-validation-learn-cd16fb9ae4d2aec1/2026-09-27T22-36-46-00-00_learning-dealroom_dGzqukeUdRNhTuATqMvimr.eval,"No acceptable authorized disposition was recorded. Disposition is missing or relevant historical authority is invalid. No valid disposition confirms the effective credit of 0 cents; informal agreement is insufficient. The disposition is absent or was not completed within the effective deadline. Buyer constraint is not satisfied: residual eligible expense is 1040200 cents. Final claims are absent or assert unsupported disposition, credit, revision execution, or deadline."
workflow-validation-learn-3d4e21d4277dc272,workflow,validation,learn-3d4e21d4277dc272,failure,0,44334,25.48,,,learning/dealroom-llama-learning-v2/workflow-validation-learn-3d4e21d4277dc272/2026-09-27T22-37-15-00-00_learning-dealroom_MQPqoxU7pkPvwXz38Ms6j4.eval,"No acceptable authorized disposition was recorded. Disposition is missing or relevant historical authority is invalid. revision-001 is unexecuted; missing signatures: seller No valid disposition confirms the effective credit of 0 cents; informal agreement is insufficient. The disposition is absent or was not completed within the effective deadline. Buyer constraint is not satisfied: residual eligible expense is 2313000 cents. Final claims are absent or assert unsupported disposition, credit, revision execution, or deadline."
workflow-validation-learn-c1b7c22f046eba73,workflow,validation,learn-c1b7c22f046eba73,failure,0,4353,12.54,,,learning/dealroom-llama-learning-v2/workflow-validation-learn-c1b7c22f046eba73/2026-09-27T22-37-41-00-00_learning-dealroom_6wALfGKUokJFdmUyd3fb4s.eval,"No acceptable authorized disposition was recorded. Disposition is missing or relevant historical authority is invalid. revision-001 is unexecuted; missing signatures: seller No valid disposition confirms the effective credit of 0 cents; informal agreement is insufficient. The disposition is absent or was not completed within the effective deadline. Buyer constraint is not satisfied: residual eligible expense is 946700 cents. Final claims are absent or assert unsupported disposition, credit, revision execution, or deadline."
workflow-validation-learn-61a68c0a2d2c1fb3,workflow,validation,learn-61a68c0a2d2c1fb3,failure,0,44396,24.604,,,learning/dealroom-llama-learning-v2/workflow-validation-learn-61a68c0a2d2c1fb3/2026-09-27T22-37-53-00-00_learning-dealroom_CTj7y8356KBoimSSTKFdnQ.eval,No acceptable authorized disposition was recorded. Disposition is missing or relevant historical authority is invalid. No valid disposition confirms the effective credit of 0 cents; informal agreement is insufficient. The disposition is absent or was not completed within the effective deadline. Buyer constraint is not satisfied: residual eligible expense is 1691700 cents.
workflow-validation-learn-359c2fcda944f19a,workflow,validation,learn-359c2fcda944f19a,success,1,53494,26.995,,,learning/dealroom-llama-learning-v2/workflow-validation-learn-359c2fcda944f19a/2026-09-27T22-38-18-00-00_learning-dealroom_U8cSUHwWaC49Pfz7YaV2SQ.eval,All verifier predicates passed.
workflow-validation-learn-5d8f2cba568eaf96,workflow,validation,learn-5d8f2cba568eaf96,failure,0,4242,10.441,,,learning/dealroom-llama-learning-v2/workflow-validation-learn-5d8f2cba568eaf96/2026-09-27T22-38-45-00-00_learning-dealroom_jWnKnehSmwZwjBTwCkLGVA.eval,"No acceptable authorized disposition was recorded. Disposition is missing or relevant historical authority is invalid. No valid disposition confirms the effective credit of 848500 cents; informal agreement is insufficient. The disposition is absent or was not completed within the effective deadline. Buyer constraint is not satisfied: residual eligible expense is 148800 cents. Final claims are absent or assert unsupported disposition, credit, revision execution, or deadline."
workflow-validation-learn-57fa654d5227cce9,workflow,validation,learn-57fa654d5227cce9,failure,0,37057,24.951,,,learning/dealroom-llama-learning-v2/workflow-validation-learn-57fa654d5227cce9/2026-09-27T22-38-56-00-00_learning-dealroom_NXspHUU5oCeUkXRG5fzCeS.eval,"No acceptable authorized disposition was recorded. Disposition is missing or relevant historical authority is invalid. No valid disposition confirms the effective credit of 1182500 cents; informal agreement is insufficient. The disposition is absent or was not completed within the effective deadline. Buyer constraint is not satisfied: residual eligible expense is 180800 cents. Final claims are absent or assert unsupported disposition, credit, revision execution, or deadline."
workflow-validation-learn-bdae71c93852e9b7,workflow,validation,learn-bdae71c93852e9b7,failure,0,4017,5.424,,,learning/dealroom-llama-learning-v2/workflow-validation-learn-bdae71c93852e9b7/2026-09-27T22-39-21-00-00_learning-dealroom_c6tp6h5dBj5BUNtfX2DapX.eval,"No acceptable authorized disposition was recorded. Disposition is missing or relevant historical authority is invalid. No valid disposition confirms the effective credit of 1612900 cents; informal agreement is insufficient. The disposition is absent or was not completed within the effective deadline. Buyer constraint is not satisfied: residual eligible expense is 166400 cents. Final claims are absent or assert unsupported disposition, credit, revision execution, or deadline."
workflow-validation-learn-f3dfe6146c9177f5,workflow,validation,learn-f3dfe6146c9177f5,failure,0,4291,11.614,,,learning/dealroom-llama-learning-v2/workflow-validation-learn-f3dfe6146c9177f5/2026-09-27T22-39-26-00-00_learning-dealroom_nsoktkrBSQgqnuhFdKh5kK.eval,"No acceptable authorized disposition was recorded. Disposition is missing or relevant historical authority is invalid. No valid disposition confirms the effective credit of 1170700 cents; informal agreement is insufficient. The disposition is absent or was not completed within the effective deadline. Buyer constraint is not satisfied: residual eligible expense is 130800 cents. Final claims are absent or assert unsupported disposition, credit, revision execution, or deadline."
workflow-validation-learn-f0da1f9306b6b7d2,workflow,validation,learn-f0da1f9306b6b7d2,failure,0,30545,12.818,,,learning/dealroom-llama-learning-v2/workflow-validation-learn-f0da1f9306b6b7d2/2026-09-27T22-39-38-00-00_learning-dealroom_gnDbcQyutFfNaKcJVXcwXU.eval,"No acceptable authorized disposition was recorded. Disposition is missing or relevant historical authority is invalid. No valid disposition confirms the effective credit of 0 cents; informal agreement is insufficient. The disposition is absent or was not completed within the effective deadline. Buyer constraint is not satisfied: residual eligible expense is 1902500 cents. Final claims are absent or assert unsupported disposition, credit, revision execution, or deadline."
workflow-validation-learn-f1ab83c73d76f8ff,workflow,validation,learn-f1ab83c73d76f8ff,failure,0,63556,29.043,,,learning/dealroom-llama-learning-v2/workflow-validation-learn-f1ab83c73d76f8ff/2026-09-27T22-39-51-00-00_learning-dealroom_eCgvagFVZ6HXCKBdsEM6yJ.eval,"No acceptable authorized disposition was recorded. Disposition is missing or relevant historical authority is invalid. revision-001 is unexecuted; missing signatures: seller No valid disposition confirms the effective credit of 0 cents; informal agreement is insufficient. The disposition is absent or was not completed within the effective deadline. Buyer constraint is not satisfied: residual eligible expense is 1451800 cents. Final claims are absent or assert unsupported disposition, credit, revision execution, or deadline."
workflow-validation-learn-3dcf54e96ee508fa,workflow,validation,learn-3dcf54e96ee508fa,failure,0,37686,15.434,,,learning/dealroom-llama-learning-v2/workflow-validation-learn-3dcf54e96ee508fa/2026-09-27T22-40-20-00-00_learning-dealroom_Ye7KaQLa4mf7FTGvBofps4.eval,"No acceptable authorized disposition was recorded. Disposition is missing or relevant historical authority is invalid. No valid disposition confirms the effective credit of 0 cents; informal agreement is insufficient. The disposition is absent or was not completed within the effective deadline. Buyer constraint is not satisfied: residual eligible expense is 702900 cents. Final claims are absent or assert unsupported disposition, credit, revision execution, or deadline."
workflow-validation-learn-6b58fcb911cc7d25,workflow,validation,learn-6b58fcb911cc7d25,failure,0,30537,12.474,,,learning/dealroom-llama-learning-v2/workflow-validation-learn-6b58fcb911cc7d25/2026-09-27T22-40-35-00-00_learning-dealroom_dQLG9YCQy2oq9Uh6SE4GRr.eval,"No acceptable authorized disposition was recorded. Disposition is missing or relevant historical authority is invalid. No valid disposition confirms the effective credit of 0 cents; informal agreement is insufficient. The disposition is absent or was not completed within the effective deadline. Buyer constraint is not satisfied: residual eligible expense is 1100800 cents. Final claims are absent or assert unsupported disposition, credit, revision execution, or deadline."
workflow-validation-learn-b832c9266b686060,workflow,validation,learn-b832c9266b686060,failure,0,54080,21.081,,,learning/dealroom-llama-learning-v2/workflow-validation-learn-b832c9266b686060/2026-09-27T22-40-48-00-00_learning-dealroom_V9hYKcfD6rSWgHimTNGvJo.eval,"No acceptable authorized disposition was recorded. Disposition is missing or relevant historical authority is invalid. revision-001 is unexecuted; missing signatures: seller No valid disposition confirms the effective credit of 0 cents; informal agreement is insufficient. The disposition is absent or was not completed within the effective deadline. Buyer constraint is not satisfied: residual eligible expense is 1332400 cents. Final claims are absent or assert unsupported disposition, credit, revision execution, or deadline."
workflow-validation-learn-7ae68d74e259b69d,workflow,validation,learn-7ae68d74e259b69d,failure,0,51123,24.244,,,learning/dealroom-llama-learning-v2/workflow-validation-learn-7ae68d74e259b69d/2026-09-27T22-41-09-00-00_learning-dealroom_eCLMjpQUfCm8Uu4FiMK5Ro.eval,"No acceptable authorized disposition was recorded. Disposition is missing or relevant historical authority is invalid. No valid disposition confirms the effective credit of 0 cents; informal agreement is insufficient. The disposition is absent or was not completed within the effective deadline. Buyer constraint is not satisfied: residual eligible expense is 965300 cents. Final claims are absent or assert unsupported disposition, credit, revision execution, or deadline."
workflow-validation-learn-2b121475596886af,workflow,validation,learn-2b121475596886af,failure,0,30503,12.562,,,learning/dealroom-llama-learning-v2/workflow-validation-learn-2b121475596886af/2026-09-27T22-41-33-00-00_learning-dealroom_Hv4zooUnUeWCjSyU4v5Zrp.eval,"No acceptable authorized disposition was recorded. Disposition is missing or relevant historical authority is invalid. No valid disposition confirms the effective credit of 0 cents; informal agreement is insufficient. The disposition is absent or was not completed within the effective deadline. Buyer constraint is not satisfied: residual eligible expense is 1734500 cents. Final claims are absent or assert unsupported disposition, credit, revision execution, or deadline."
workflow-validation-learn-ccf3c4d1fba7d4d3,workflow,validation,learn-ccf3c4d1fba7d4d3,failure,0,37178,14.574,,,learning/dealroom-llama-learning-v2/workflow-validation-learn-ccf3c4d1fba7d4d3/2026-09-27T22-41-46-00-00_learning-dealroom_m4dyr2pDMEeB9CQf5XquFJ.eval,"No acceptable authorized disposition was recorded. Disposition is missing or relevant historical authority is invalid. No valid disposition confirms the effective credit of 0 cents; informal agreement is insufficient. The disposition is absent or was not completed within the effective deadline. Buyer constraint is not satisfied: residual eligible expense is 456000 cents. Final claims are absent or assert unsupported disposition, credit, revision execution, or deadline."
sft-validation-learn-e580aafcf913d5e8,sft,validation,learn-e580aafcf913d5e8,success,1,57375,24.062,,,learning/dealroom-llama-learning-v2/sft-validation-learn-e580aafcf913d5e8/2026-09-28T01-49-11-00-00_learning-dealroom_JpFab3HqWhPZxnRKgvweT7.eval,All verifier predicates passed.
sft-validation-learn-36738f3939caf94d,sft,validation,learn-36738f3939caf94d,failure,0,91093,29.711,,,learning/dealroom-llama-learning-v2/sft-validation-learn-36738f3939caf94d/2026-09-28T01-49-35-00-00_learning-dealroom_ifiEjMz5KRYgJuZFyEMXjY.eval,"No acceptable authorized disposition was recorded. Disposition is missing or relevant historical authority is invalid. revision-001 is unexecuted; missing signatures: seller No valid disposition confirms the effective credit of 0 cents; informal agreement is insufficient. The disposition is absent or was not completed within the effective deadline. Buyer constraint is not satisfied: residual eligible expense is 2393100 cents. Final claims are absent or assert unsupported disposition, credit, revision execution, or deadline."
sft-validation-learn-3a81bfeed24236a7,sft,validation,learn-3a81bfeed24236a7,failure,0,70060,25.345,,,learning/dealroom-llama-learning-v2/sft-validation-learn-3a81bfeed24236a7/2026-09-28T01-50-04-00-00_learning-dealroom_j3ZXa6yDU4WErCWkyiYRvz.eval,"No acceptable authorized disposition was recorded. Disposition is missing or relevant historical authority is invalid. revision-001 is unexecuted; missing signatures: seller No valid disposition confirms the effective credit of 0 cents; informal agreement is insufficient. The disposition is absent or was not completed within the effective deadline. Buyer constraint is not satisfied: residual eligible expense is 1087000 cents. Final claims are absent or assert unsupported disposition, credit, revision execution, or deadline."
sft-validation-learn-59cad0a3b17ab197,sft,validation,learn-59cad0a3b17ab197,success,1,63004,23.928,,,learning/dealroom-llama-learning-v2/sft-validation-learn-59cad0a3b17ab197/2026-09-28T01-50-30-00-00_learning-dealroom_7qWRbWZCC9Z4hbwyxDwZ66.eval,All verifier predicates passed.
sft-validation-learn-e40c655f2c82ca3d,sft,validation,learn-e40c655f2c82ca3d,failure,0,97511,32.461,,,learning/dealroom-llama-learning-v2/sft-validation-learn-e40c655f2c82ca3d/2026-09-28T01-50-54-00-00_learning-dealroom_P5a4qmENH4ywniTR8Zw29K.eval,"No acceptable authorized disposition was recorded. Disposition is missing or relevant historical authority is invalid. revision-001 is unexecuted; missing signatures: seller No valid disposition confirms the effective credit of 0 cents; informal agreement is insufficient. The disposition is absent or was not completed within the effective deadline. Buyer constraint is not satisfied: residual eligible expense is 709900 cents. Final claims are absent or assert unsupported disposition, credit, revision execution, or deadline."
sft-validation-learn-6b8e70d850863715,sft,validation,learn-6b8e70d850863715,failure,0,93829,32.273,,,learning/dealroom-llama-learning-v2/sft-validation-learn-6b8e70d850863715/2026-09-28T01-51-26-00-00_learning-dealroom_3Zt26PmgHTmyHWApVwSe3C.eval,"No acceptable authorized disposition was recorded. Disposition is missing or relevant historical authority is invalid. revision-001 is unexecuted; missing signatures: seller No valid disposition confirms the effective credit of 0 cents; informal agreement is insufficient. The disposition is absent or was not completed within the effective deadline. Buyer constraint is not satisfied: residual eligible expense is 2198300 cents. Final claims are absent or assert unsupported disposition, credit, revision execution, or deadline."
sft-validation-learn-85110fbc5b0aeb20,sft,validation,learn-85110fbc5b0aeb20,failure,0,108110,34.214,,,learning/dealroom-llama-learning-v2/sft-validation-learn-85110fbc5b0aeb20/2026-09-28T01-51-59-00-00_learning-dealroom_9BkRyGeAEsgT6GvTBvU2GQ.eval,"No acceptable authorized disposition was recorded. Disposition is missing or relevant historical authority is invalid. revision-001 is unexecuted; missing signatures: seller No valid disposition confirms the effective credit of 0 cents; informal agreement is insufficient. The disposition is absent or was not completed within the effective deadline. Buyer constraint cannot yet be verified: no specialist quote is public. Final claims are absent or assert unsupported disposition, credit, revision execution, or deadline."
sft-validation-learn-02286b574edeaddb,sft,validation,learn-02286b574edeaddb,failure,0,123124,41.636,,,learning/dealroom-llama-learning-v2/sft-validation-learn-02286b574edeaddb/2026-09-28T01-52-33-00-00_learning-dealroom_kZqXNQP8zPzY9GBhcVRzTR.eval,"No acceptable authorized disposition was recorded. Disposition is missing or relevant historical authority is invalid. revision-001 is unexecuted; missing signatures: seller No valid disposition confirms the effective credit of 0 cents; informal agreement is insufficient. The disposition is absent or was not completed within the effective deadline. Buyer constraint cannot yet be verified: no specialist quote is public. Final claims are absent or assert unsupported disposition, credit, revision execution, or deadline."
sft-validation-learn-ea40312892046524,sft,validation,learn-ea40312892046524,failure,0,66931,22.62,,,learning/dealroom-llama-learning-v2/sft-validation-learn-ea40312892046524/2026-09-28T01-53-15-00-00_learning-dealroom_Jdj9FJNoAVR2iyWkDERv9T.eval,No acceptable authorized disposition was recorded. Disposition is missing or relevant historical authority is invalid. No valid disposition confirms the effective credit of 0 cents; informal agreement is insufficient. The disposition is absent or was not completed within the effective deadline. Buyer constraint is not satisfied: residual eligible expense is 1373800 cents.
sft-validation-learn-1066fab23e0f208f,sft,validation,learn-1066fab23e0f208f,failure,0,73468,22.856,,,learning/dealroom-llama-learning-v2/sft-validation-learn-1066fab23e0f208f/2026-09-28T01-53-38-00-00_learning-dealroom_LXCR7vTUaKduAa9cYNHXE8.eval,No acceptable authorized disposition was recorded. Disposition is missing or relevant historical authority is invalid. No valid disposition confirms the effective credit of 0 cents; informal agreement is insufficient. The disposition is absent or was not completed within the effective deadline. Buyer constraint is not satisfied: residual eligible expense is 2475500 cents.
sft-validation-learn-943d50a4e5febd9f,sft,validation,learn-943d50a4e5febd9f,failure,0,60538,19.284,,,learning/dealroom-llama-learning-v2/sft-validation-learn-943d50a4e5febd9f/2026-09-28T01-54-01-00-00_learning-dealroom_Y5mJGysHCqd7AhMRa2X9MR.eval,No acceptable authorized disposition was recorded. Disposition is missing or relevant historical authority is invalid. No valid disposition confirms the effective credit of 0 cents; informal agreement is insufficient. The disposition is absent or was not completed within the effective deadline. Buyer constraint is not satisfied: residual eligible expense is 501500 cents.
sft-validation-learn-b60889d84f3b8f6c,sft,validation,learn-b60889d84f3b8f6c,failure,0,67116,21.11,,,learning/dealroom-llama-learning-v2/sft-validation-learn-b60889d84f3b8f6c/2026-09-28T01-54-20-00-00_learning-dealroom_YnT3Y4AGcTqEdgvmtCxfhA.eval,No acceptable authorized disposition was recorded. Disposition is missing or relevant historical authority is invalid. No valid disposition confirms the effective credit of 0 cents; informal agreement is insufficient. The disposition is absent or was not completed within the effective deadline. Buyer constraint is not satisfied: residual eligible expense is 1929300 cents.
sft-validation-learn-f9b48a204e490733,sft,validation,learn-f9b48a204e490733,failure,0,46874,16.465,,,learning/dealroom-llama-learning-v2/sft-validation-learn-f9b48a204e490733/2026-09-28T01-54-41-00-00_learning-dealroom_k4dvU2o8df4683EFiJW54U.eval,No acceptable authorized disposition was recorded. Disposition is missing or relevant historical authority is invalid. No valid disposition confirms the effective credit of 0 cents; informal agreement is insufficient. The disposition is absent or was not completed within the effective deadline. Buyer constraint is not satisfied: residual eligible expense is 2158900 cents.
sft-validation-learn-f2c48dd888197338,sft,validation,learn-f2c48dd888197338,failure,0,53081,19.704,,,learning/dealroom-llama-learning-v2/sft-validation-learn-f2c48dd888197338/2026-09-28T01-54-58-00-00_learning-dealroom_Y7ZhPyzMzTv5iFJFbreeZe.eval,"No acceptable authorized disposition was recorded. Disposition is missing or relevant historical authority is invalid. No valid disposition confirms the effective credit of 0 cents; informal agreement is insufficient. The disposition is absent or was not completed within the effective deadline. Buyer constraint is not satisfied: residual eligible expense is 1398400 cents. Final claims are absent or assert unsupported disposition, credit, revision execution, or deadline."
sft-validation-learn-735b77b2e44165fc,sft,validation,learn-735b77b2e44165fc,failure,0,63333,23.9,,,learning/dealroom-llama-learning-v2/sft-validation-learn-735b77b2e44165fc/2026-09-28T01-55-17-00-00_learning-dealroom_WP6agryMDFdabeSMycn5ii.eval,"No acceptable authorized disposition was recorded. Disposition is missing or relevant historical authority is invalid. revision-001 is unexecuted; missing signatures: seller No valid disposition confirms the effective credit of 0 cents; informal agreement is insufficient. The disposition is absent or was not completed within the effective deadline. Buyer constraint is not satisfied: residual eligible expense is 1657900 cents. Final claims are absent or assert unsupported disposition, credit, revision execution, or deadline."
sft-validation-learn-cd16fb9ae4d2aec1,sft,validation,learn-cd16fb9ae4d2aec1,failure,0,36384,14.556,,,learning/dealroom-llama-learning-v2/sft-validation-learn-cd16fb9ae4d2aec1/2026-09-28T01-55-41-00-00_learning-dealroom_gHzLXC7oTAxDY5MNewkgN2.eval,No acceptable authorized disposition was recorded. Disposition is missing or relevant historical authority is invalid. No valid disposition confirms the effective credit of 0 cents; informal agreement is insufficient. The disposition is absent or was not completed within the effective deadline. Buyer constraint is not satisfied: residual eligible expense is 1040200 cents.
sft-validation-learn-3d4e21d4277dc272,sft,validation,learn-3d4e21d4277dc272,failure,0,70202,25.171,,,learning/dealroom-llama-learning-v2/sft-validation-learn-3d4e21d4277dc272/2026-09-28T01-55-56-00-00_learning-dealroom_nWpvyX3z2u9bkDGPYtuhNW.eval,No acceptable authorized disposition was recorded. Disposition is missing or relevant historical authority is invalid. No valid disposition confirms the effective credit of 0 cents; informal agreement is insufficient. The disposition is absent or was not completed within the effective deadline. Buyer constraint is not satisfied: residual eligible expense is 2313000 cents.
sft-validation-learn-c1b7c22f046eba73,sft,validation,learn-c1b7c22f046eba73,failure,0,76610,24.991,,,learning/dealroom-llama-learning-v2/sft-validation-learn-c1b7c22f046eba73/2026-09-28T01-56-21-00-00_learning-dealroom_DVwZ8h7sGwXKcWdxGJyh5v.eval,No acceptable authorized disposition was recorded. Disposition is missing or relevant historical authority is invalid. No valid disposition confirms the effective credit of 0 cents; informal agreement is insufficient. The disposition is absent or was not completed within the effective deadline. Buyer constraint is not satisfied: residual eligible expense is 946700 cents.
sft-validation-learn-61a68c0a2d2c1fb3,sft,validation,learn-61a68c0a2d2c1fb3,failure,0,70293,23.186,,,learning/dealroom-llama-learning-v2/sft-validation-learn-61a68c0a2d2c1fb3/2026-09-28T01-56-46-00-00_learning-dealroom_MkAPW2TUWNHGPCbLoMcxbx.eval,No acceptable authorized disposition was recorded. Disposition is missing or relevant historical authority is invalid. No valid disposition confirms the effective credit of 0 cents; informal agreement is insufficient. The disposition is absent or was not completed within the effective deadline. Buyer constraint is not satisfied: residual eligible expense is 1691700 cents.
sft-validation-learn-359c2fcda944f19a,sft,validation,learn-359c2fcda944f19a,failure,0,70150,23.658,,,learning/dealroom-llama-learning-v2/sft-validation-learn-359c2fcda944f19a/2026-09-28T01-57-10-00-00_learning-dealroom_Er4cpzjynNFvgtSefb5QjC.eval,No acceptable authorized disposition was recorded. Disposition is missing or relevant historical authority is invalid. No valid disposition confirms the effective credit of 0 cents; informal agreement is insufficient. The disposition is absent or was not completed within the effective deadline. Buyer constraint is not satisfied: residual eligible expense is 1588900 cents.
sft-validation-learn-5d8f2cba568eaf96,sft,validation,learn-5d8f2cba568eaf96,failure,0,63654,21.833,,,learning/dealroom-llama-learning-v2/sft-validation-learn-5d8f2cba568eaf96/2026-09-28T01-57-33-00-00_learning-dealroom_fQtAgVncsdTgku9UDDgNHQ.eval,No acceptable authorized disposition was recorded. Disposition is missing or relevant historical authority is invalid. No valid disposition confirms the effective credit of 848500 cents; informal agreement is insufficient. The disposition is absent or was not completed within the effective deadline. Buyer constraint is not satisfied: residual eligible expense is 148800 cents.
sft-validation-learn-57fa654d5227cce9,sft,validation,learn-57fa654d5227cce9,failure,0,54150,17.284,,,learning/dealroom-llama-learning-v2/sft-validation-learn-57fa654d5227cce9/2026-09-28T01-57-55-00-00_learning-dealroom_TPNi4dzXxSo4VHAVC5f65n.eval,"No acceptable authorized disposition was recorded. Disposition is missing or relevant historical authority is invalid. No valid disposition confirms the effective credit of 1182500 cents; informal agreement is insufficient. The disposition is absent or was not completed within the effective deadline. Buyer constraint is not satisfied: residual eligible expense is 180800 cents. Final claims are absent or assert unsupported disposition, credit, revision execution, or deadline."
sft-validation-learn-bdae71c93852e9b7,sft,validation,learn-bdae71c93852e9b7,failure,0,55690,19.281,,,learning/dealroom-llama-learning-v2/sft-validation-learn-bdae71c93852e9b7/2026-09-28T01-58-13-00-00_learning-dealroom_EgDVWEnBS4Sgobd65cW2Zd.eval,"No acceptable authorized disposition was recorded. Disposition is missing or relevant historical authority is invalid. No valid disposition confirms the effective credit of 1612900 cents; informal agreement is insufficient. The disposition is absent or was not completed within the effective deadline. Buyer constraint is not satisfied: residual eligible expense is 166400 cents. Final claims are absent or assert unsupported disposition, credit, revision execution, or deadline."
sft-validation-learn-f3dfe6146c9177f5,sft,validation,learn-f3dfe6146c9177f5,failure,0,55742,19.53,,,learning/dealroom-llama-learning-v2/sft-validation-learn-f3dfe6146c9177f5/2026-09-28T01-58-32-00-00_learning-dealroom_7GF75Lhjdxey4qSHp7dPzx.eval,"No acceptable authorized disposition was recorded. Disposition is missing or relevant historical authority is invalid. No valid disposition confirms the effective credit of 1170700 cents; informal agreement is insufficient. The disposition is absent or was not completed within the effective deadline. Buyer constraint is not satisfied: residual eligible expense is 130800 cents. Final claims are absent or assert unsupported disposition, credit, revision execution, or deadline."
sft-validation-learn-f0da1f9306b6b7d2,sft,validation,learn-f0da1f9306b6b7d2,failure,0,61261,21.75,,,learning/dealroom-llama-learning-v2/sft-validation-learn-f0da1f9306b6b7d2/2026-09-28T01-58-52-00-00_learning-dealroom_iuVUnk9iwrwykN4uvtT7GE.eval,"No acceptable authorized disposition was recorded. Disposition is missing or relevant historical authority is invalid. No valid disposition confirms the effective credit of 0 cents; informal agreement is insufficient. The disposition is absent or was not completed within the effective deadline. Buyer constraint is not satisfied: residual eligible expense is 1902500 cents. Final claims are absent or assert unsupported disposition, credit, revision execution, or deadline."
sft-validation-learn-f1ab83c73d76f8ff,sft,validation,learn-f1ab83c73d76f8ff,failure,0,91626,29.584,,,learning/dealroom-llama-learning-v2/sft-validation-learn-f1ab83c73d76f8ff/2026-09-28T01-59-14-00-00_learning-dealroom_FNFNZV3CskJpusSHmMSJ7s.eval,"No acceptable authorized disposition was recorded. Disposition is missing or relevant historical authority is invalid. revision-001 is unexecuted; missing signatures: seller No valid disposition confirms the effective credit of 0 cents; informal agreement is insufficient. The disposition is absent or was not completed within the effective deadline. Buyer constraint is not satisfied: residual eligible expense is 1451800 cents. Final claims are absent or assert unsupported disposition, credit, revision execution, or deadline."
sft-validation-learn-3dcf54e96ee508fa,sft,validation,learn-3dcf54e96ee508fa,failure,0,68697,23.447,,,learning/dealroom-llama-learning-v2/sft-validation-learn-3dcf54e96ee508fa/2026-09-28T01-59-43-00-00_learning-dealroom_Fqte9fKuzaYtVovtZ7vVQm.eval,"No acceptable authorized disposition was recorded. Disposition is missing or relevant historical authority is invalid. revision-001 is unexecuted; missing signatures: buyer, seller No valid disposition confirms the effective credit of 0 cents; informal agreement is insufficient. The disposition is absent or was not completed within the effective deadline. Buyer constraint is not satisfied: residual eligible expense is 702900 cents. Final claims are absent or assert unsupported disposition, credit, revision execution, or deadline."
sft-validation-learn-6b58fcb911cc7d25,sft,validation,learn-6b58fcb911cc7d25,failure,0,77869,28.121,,,learning/dealroom-llama-learning-v2/sft-validation-learn-6b58fcb911cc7d25/2026-09-28T02-00-07-00-00_learning-dealroom_m6LhvENkPkZ6oteg6eZCn5.eval,"No acceptable authorized disposition was recorded. Disposition is missing or relevant historical authority is invalid. revision-001 is unexecuted; missing signatures: seller No valid disposition confirms the effective credit of 0 cents; informal agreement is insufficient. The disposition is absent or was not completed within the effective deadline. Buyer constraint is not satisfied: residual eligible expense is 1100800 cents. Final claims are absent or assert unsupported disposition, credit, revision execution, or deadline."
sft-validation-learn-b832c9266b686060,sft,validation,learn-b832c9266b686060,failure,0,61423,20.869,,,learning/dealroom-llama-learning-v2/sft-validation-learn-b832c9266b686060/2026-09-28T02-00-35-00-00_learning-dealroom_T4oB9XXC5WBdJ98K5cmKZy.eval,"No acceptable authorized disposition was recorded. Disposition is missing or relevant historical authority is invalid. No valid disposition confirms the effective credit of 0 cents; informal agreement is insufficient. The disposition is absent or was not completed within the effective deadline. Buyer constraint is not satisfied: residual eligible expense is 1332400 cents. Final claims are absent or assert unsupported disposition, credit, revision execution, or deadline."
sft-validation-learn-7ae68d74e259b69d,sft,validation,learn-7ae68d74e259b69d,failure,0,76726,25.983,,,learning/dealroom-llama-learning-v2/sft-validation-learn-7ae68d74e259b69d/2026-09-28T02-00-56-00-00_learning-dealroom_K78zZuKV8R5tVyNnyseMMb.eval,"No acceptable authorized disposition was recorded. Disposition is missing or relevant historical authority is invalid. revision-001 is unexecuted; missing signatures: seller No valid disposition confirms the effective credit of 0 cents; informal agreement is insufficient. The disposition is absent or was not completed within the effective deadline. Buyer constraint is not satisfied: residual eligible expense is 965300 cents. Final claims are absent or assert unsupported disposition, credit, revision execution, or deadline."
sft-validation-learn-2b121475596886af,sft,validation,learn-2b121475596886af,failure,0,34300,12.028,,,learning/dealroom-llama-learning-v2/sft-validation-learn-2b121475596886af/2026-09-28T02-01-22-00-00_learning-dealroom_ZA3tRGdP7BjAm6UWsnKFBb.eval,"No acceptable authorized disposition was recorded. Disposition is missing or relevant historical authority is invalid. No valid disposition confirms the effective credit of 0 cents; informal agreement is insufficient. The disposition is absent or was not completed within the effective deadline. Buyer constraint is not satisfied: residual eligible expense is 1734500 cents. Final claims are absent or assert unsupported disposition, credit, revision execution, or deadline."
sft-validation-learn-ccf3c4d1fba7d4d3,sft,validation,learn-ccf3c4d1fba7d4d3,failure,0,49487,17.435,,,learning/dealroom-llama-learning-v2/sft-validation-learn-ccf3c4d1fba7d4d3/2026-09-28T02-01-34-00-00_learning-dealroom_97Vy22CGtni9GauZBTpoAn.eval,No acceptable authorized disposition was recorded. Disposition is missing or relevant historical authority is invalid. No valid disposition confirms the effective credit of 0 cents; informal agreement is insufficient. The disposition is absent or was not completed within the effective deadline. Buyer constraint is not satisfied: residual eligible expense is 456000 cents.
rl-group-00-rollout-00,rl,train,learn-d90381655f136069,failure,0,67293,24.699,,,learning/dealroom-llama-learning-v2/rl-group-00-rollout-00/2026-09-28T15-03-14-00-00_learning-dealroom_irsa9PrRKiZW3GVrzFMvaK.eval,No acceptable authorized disposition was recorded. Disposition is missing or relevant historical authority is invalid. No valid disposition confirms the effective credit of 989300 cents; informal agreement is insufficient. The disposition is absent or was not completed within the effective deadline. Buyer constraint is not satisfied: residual eligible expense is 220400 cents.
rl-group-00-rollout-01,rl,train,learn-d90381655f136069,failure,0,41264,14.124,,,learning/dealroom-llama-learning-v2/rl-group-00-rollout-01/2026-09-28T15-03-39-00-00_learning-dealroom_6dhgLpgp8LSLU9HvhYWuiw.eval,"Final claims are absent or assert unsupported disposition, credit, revision execution, or deadline."
rl-group-00-rollout-02,rl,train,learn-d90381655f136069,success,1,57368,42.798,,,learning/dealroom-llama-learning-v2/rl-group-00-rollout-02/2026-09-28T15-03-53-00-00_learning-dealroom_oQ2taKgZKTtAWtuotA9zTF.eval,All verifier predicates passed.
rl-group-00-rollout-03,rl,train,learn-d90381655f136069,success,1,49008,29.355,,,learning/dealroom-llama-learning-v2/rl-group-00-rollout-03/2026-09-28T15-04-36-00-00_learning-dealroom_k8MyHaM2xruRBXkM75z3T4.eval,All verifier predicates passed.
rl-group-01-rollout-00,rl,train,learn-2260819ab3314139,success,1,45137,20.197,,,learning/dealroom-llama-learning-v2/rl-group-01-rollout-00/2026-09-28T15-25-12-00-00_learning-dealroom_5saYRXbgZF2h55BeRXW2wh.eval,All verifier predicates passed.
rl-group-01-rollout-01,rl,train,learn-2260819ab3314139,failure,0,893733,143.588,,,learning/dealroom-llama-learning-v2/rl-group-01-rollout-01/2026-09-28T15-25-32-00-00_learning-dealroom_QnyHCvAc5p9RcdCFxGFXwN.eval,"Final claims are absent or assert unsupported disposition, credit, revision execution, or deadline."
rl-group-01-rollout-02,rl,train,learn-2260819ab3314139,success,1,66394,23.517,,,learning/dealroom-llama-learning-v2/rl-group-01-rollout-02/2026-09-28T15-27-57-00-00_learning-dealroom_fzj67HukAdgGbs4ja9QeSi.eval,All verifier predicates passed.
rl-group-01-rollout-03,rl,train,learn-2260819ab3314139,failure,0,54078,18.36,,,learning/dealroom-llama-learning-v2/rl-group-01-rollout-03/2026-09-28T15-28-21-00-00_learning-dealroom_SNwjACPpW9SAMhb5QJwtB8.eval,"Final claims are absent or assert unsupported disposition, credit, revision execution, or deadline."
rl-group-02-rollout-00,rl,train,learn-27f3dee865a9533a,failure,0,43833,19.663,,,learning/dealroom-llama-learning-v2/rl-group-02-rollout-00/2026-09-28T17-41-35-00-00_learning-dealroom_9dN9ZsNKGmBhwVF64q8dFD.eval,"No acceptable authorized disposition was recorded. Disposition is missing or relevant historical authority is invalid. No valid disposition confirms the effective credit of 1104400 cents; informal agreement is insufficient. The disposition is absent or was not completed within the effective deadline. Buyer constraint is not satisfied: residual eligible expense is 280400 cents. Final claims are absent or assert unsupported disposition, credit, revision execution, or deadline."
rl-group-02-rollout-01,rl,train,learn-27f3dee865a9533a,failure,0,49738,16.461,,,learning/dealroom-llama-learning-v2/rl-group-02-rollout-01/2026-09-28T17-41-55-00-00_learning-dealroom_gWdgUgAtsuvcUJdQnofv7v.eval,"No acceptable authorized disposition was recorded. Disposition is missing or relevant historical authority is invalid. revision-001 is unexecuted; missing signatures: buyer, seller No valid disposition confirms the effective credit of 0 cents; informal agreement is insufficient. The disposition is absent or was not completed within the effective deadline. Buyer constraint is not satisfied: residual eligible expense is 1384800 cents. Final claims are absent or assert unsupported disposition, credit, revision execution, or deadline."
rl-group-02-rollout-02,rl,train,learn-27f3dee865a9533a,failure,0,62375,19.597,,,learning/dealroom-llama-learning-v2/rl-group-02-rollout-02/2026-09-28T17-42-12-00-00_learning-dealroom_gikJjQqhidYBCntAxPYw2w.eval,"No acceptable authorized disposition was recorded. Disposition is missing or relevant historical authority is invalid. revision-001 is unexecuted; missing signatures: buyer, seller No valid disposition confirms the effective credit of 0 cents; informal agreement is insufficient. The disposition is absent or was not completed within the effective deadline. Buyer constraint is not satisfied: residual eligible expense is 1384800 cents. Final claims are absent or assert unsupported disposition, credit, revision execution, or deadline."
rl-group-02-rollout-03,rl,train,learn-27f3dee865a9533a,failure,0,33008,10.594,,,learning/dealroom-llama-learning-v2/rl-group-02-rollout-03/2026-09-28T17-42-31-00-00_learning-dealroom_3LRMBrbiw8c4tBMhzHzDRs.eval,"No acceptable authorized disposition was recorded. Disposition is missing or relevant historical authority is invalid. revision-001 is unexecuted; missing signatures: buyer, seller No valid disposition confirms the effective credit of 0 cents; informal agreement is insufficient. The disposition is absent or was not completed within the effective deadline. Buyer constraint is not satisfied: residual eligible expense is 1384800 cents. Final claims are absent or assert unsupported disposition, credit, revision execution, or deadline."
rl-group-03-rollout-00,rl,train,learn-b9c5fccbb52376df,failure,0,37979,26.518,,,learning/dealroom-llama-learning-v2/rl-group-03-rollout-00/2026-09-28T17-57-27-00-00_learning-dealroom_PHyrZUQTAzV9wpWcjhFHuK.eval,"No acceptable authorized disposition was recorded. Disposition is missing or relevant historical authority is invalid. revision-001 is unexecuted; missing signatures: buyer, seller No valid disposition confirms the effective credit of 0 cents; informal agreement is insufficient. The disposition is absent or was not completed within the effective deadline. Buyer constraint is not satisfied: residual eligible expense is 589400 cents. Final claims are absent or assert unsupported disposition, credit, revision execution, or deadline."
rl-group-03-rollout-01,rl,train,learn-b9c5fccbb52376df,failure,0,89266,41.312,,,learning/dealroom-llama-learning-v2/rl-group-03-rollout-01/2026-09-28T17-57-54-00-00_learning-dealroom_44QpRfQNJqswTEUUXQDHKe.eval,"No acceptable authorized disposition was recorded. Disposition is missing or relevant historical authority is invalid. revision-001 is unexecuted; missing signatures: buyer, seller No valid disposition confirms the effective credit of 0 cents; informal agreement is insufficient. The disposition is absent or was not completed within the effective deadline. Buyer constraint is not satisfied: residual eligible expense is 589400 cents. Final claims are absent or assert unsupported disposition, credit, revision execution, or deadline."
rl-group-03-rollout-02,rl,train,learn-b9c5fccbb52376df,failure,0,45390,17.255,,,learning/dealroom-llama-learning-v2/rl-group-03-rollout-02/2026-09-28T17-58-35-00-00_learning-dealroom_EqyUA25McE7jiPDSrnaZg9.eval,"No acceptable authorized disposition was recorded. Disposition is missing or relevant historical authority is invalid. revision-001 is unexecuted; missing signatures: buyer, seller No valid disposition confirms the effective credit of 0 cents; informal agreement is insufficient. The disposition is absent or was not completed within the effective deadline. Buyer constraint is not satisfied: residual eligible expense is 589400 cents. Final claims are absent or assert unsupported disposition, credit, revision execution, or deadline."
rl-group-03-rollout-03,rl,train,learn-b9c5fccbb52376df,failure,0,44854,19.981,,,learning/dealroom-llama-learning-v2/rl-group-03-rollout-03/2026-09-28T17-58-53-00-00_learning-dealroom_etinoUsFWdVaZta7VUCeXi.eval,"No acceptable authorized disposition was recorded. Disposition is missing or relevant historical authority is invalid. revision-001 is unexecuted; missing signatures: buyer, seller No valid disposition confirms the effective credit of 0 cents; informal agreement is insufficient. The disposition is absent or was not completed within the effective deadline. Buyer constraint is not satisfied: residual eligible expense is 589400 cents. Final claims are absent or assert unsupported disposition, credit, revision execution, or deadline."
rl-group-04-rollout-00,rl,train,learn-4a821c290fcf02e6,failure,0,49320,21.204,,,learning/dealroom-llama-learning-v2/rl-group-04-rollout-00/2026-09-28T17-59-17-00-00_learning-dealroom_QKbkdogESCkJCXre4tC6WM.eval,"No acceptable authorized disposition was recorded. Disposition is missing or relevant historical authority is invalid. No valid disposition confirms the effective credit of 0 cents; informal agreement is insufficient. The disposition is absent or was not completed within the effective deadline. Buyer constraint is not satisfied: residual eligible expense is 996300 cents. Final claims are absent or assert unsupported disposition, credit, revision execution, or deadline."
rl-group-04-rollout-01,rl,train,learn-4a821c290fcf02e6,failure,0,46172,12.897,,,learning/dealroom-llama-learning-v2/rl-group-04-rollout-01/2026-09-28T17-59-38-00-00_learning-dealroom_2USpZ5BNSVhM4FD5j8f8MC.eval,No acceptable authorized disposition was recorded. Disposition is missing or relevant historical authority is invalid. No valid disposition confirms the effective credit of 0 cents; informal agreement is insufficient. The disposition is absent or was not completed within the effective deadline. Buyer constraint is not satisfied: residual eligible expense is 996300 cents.
rl-group-04-rollout-02,rl,train,learn-4a821c290fcf02e6,failure,0,43776,17.249,,,learning/dealroom-llama-learning-v2/rl-group-04-rollout-02/2026-09-28T17-59-51-00-00_learning-dealroom_PfnBUqeALLTGHXVTSuWQ2j.eval,"No acceptable authorized disposition was recorded. Disposition is missing or relevant historical authority is invalid. revision-001 is unexecuted; missing signatures: seller No valid disposition confirms the effective credit of 0 cents; informal agreement is insufficient. The disposition is absent or was not completed within the effective deadline. Buyer constraint is not satisfied: residual eligible expense is 996300 cents. Final claims are absent or assert unsupported disposition, credit, revision execution, or deadline."
rl-group-04-rollout-03,rl,train,learn-4a821c290fcf02e6,failure,0,54522,15.646,,,learning/dealroom-llama-learning-v2/rl-group-04-rollout-03/2026-09-28T18-00-09-00-00_learning-dealroom_3oEwBtrVQXe9J6Jhs6EHx7.eval,No acceptable authorized disposition was recorded. Disposition is missing or relevant historical authority is invalid. No valid disposition confirms the effective credit of 0 cents; informal agreement is insufficient. The disposition is absent or was not completed within the effective deadline. Buyer constraint is not satisfied: residual eligible expense is 996300 cents.
rl-group-05-rollout-00,rl,train,learn-2fdf010593ab2e4c,failure,0,72978,26.159,,,learning/dealroom-llama-learning-v2/rl-group-05-rollout-00/2026-09-28T18-15-30-00-00_learning-dealroom_9ZD95XwLQN3eGvcmKHYuww.eval,No acceptable authorized disposition was recorded. Disposition is missing or relevant historical authority is invalid. No valid disposition confirms the effective credit of 0 cents; informal agreement is insufficient. The disposition is absent or was not completed within the effective deadline. Buyer constraint cannot yet be verified: no specialist quote is public.
rl-group-05-rollout-01,rl,train,learn-2fdf010593ab2e4c,failure,0,152075,43.901,,,learning/dealroom-llama-learning-v2/rl-group-05-rollout-01/2026-09-28T18-15-56-00-00_learning-dealroom_cUXvJ9mgcADjpi2eeNqE9t.eval,"No acceptable authorized disposition was recorded. Disposition is missing or relevant historical authority is invalid. revision-001 is unexecuted; missing signatures: seller No valid disposition confirms the effective credit of 0 cents; informal agreement is insufficient. The disposition is absent or was not completed within the effective deadline. Buyer constraint cannot yet be verified: no specialist quote is public. Final claims are absent or assert unsupported disposition, credit, revision execution, or deadline."
rl-group-05-rollout-02,rl,train,learn-2fdf010593ab2e4c,failure,0,30304,8.603,,,learning/dealroom-llama-learning-v2/rl-group-05-rollout-02/2026-09-28T18-16-40-00-00_learning-dealroom_TfALVxJWqB8nqEahtS4crn.eval,"No acceptable authorized disposition was recorded. Disposition is missing or relevant historical authority is invalid. No valid disposition confirms the effective credit of 0 cents; informal agreement is insufficient. The disposition is absent or was not completed within the effective deadline. Buyer constraint cannot yet be verified: no specialist quote is public. Final claims are absent or assert unsupported disposition, credit, revision execution, or deadline."
rl-group-05-rollout-03,rl,train,learn-2fdf010593ab2e4c,failure,0,87059,28.935,,,learning/dealroom-llama-learning-v2/rl-group-05-rollout-03/2026-09-28T18-16-49-00-00_learning-dealroom_MBm8hQbErcTvLArkBMdnCY.eval,"No acceptable authorized disposition was recorded. Disposition is missing or relevant historical authority is invalid. revision-001 is unexecuted; missing signatures: seller No valid disposition confirms the effective credit of 0 cents; informal agreement is insufficient. The disposition is absent or was not completed within the effective deadline. Buyer constraint is not satisfied: residual eligible expense is 1584900 cents. Final claims are absent or assert unsupported disposition, credit, revision execution, or deadline."
rl-group-06-rollout-00,rl,train,learn-843dfc806ec50758,failure,0,911125,251.264,,,learning/dealroom-llama-learning-v2/rl-group-06-rollout-00/2026-09-28T19-10-32-00-00_learning-dealroom_dYJ4ypT6DfpCNsK5Pa6R8j.eval,"No acceptable authorized disposition was recorded. Disposition is missing or relevant historical authority is invalid. No valid disposition confirms the effective credit of 0 cents; informal agreement is insufficient. The disposition is absent or was not completed within the effective deadline. Buyer constraint is not satisfied: residual eligible expense is 2280500 cents. Final claims are absent or assert unsupported disposition, credit, revision execution, or deadline."
rl-group-06-rollout-01,rl,train,learn-843dfc806ec50758,failure,0,141201,33.027,,,learning/dealroom-llama-learning-v2/rl-group-06-rollout-01/2026-09-28T19-14-45-00-00_learning-dealroom_K9GBtot96zwe87XWwLyDPy.eval,"No acceptable authorized disposition was recorded. Disposition is missing or relevant historical authority is invalid. revision-001 does not exist No valid disposition confirms the effective credit of 0 cents; informal agreement is insufficient. The disposition is absent or was not completed within the effective deadline. Buyer constraint is not satisfied: residual eligible expense is 2280500 cents. Final claims are absent or assert unsupported disposition, credit, revision execution, or deadline."
rl-group-06-rollout-02,rl,train,learn-843dfc806ec50758,failure,0,58359,15.922,,,learning/dealroom-llama-learning-v2/rl-group-06-rollout-02/2026-09-28T19-15-18-00-00_learning-dealroom_RzfeeU5n6uQTQH2QW9ZPZx.eval,No acceptable authorized disposition was recorded. Disposition is missing or relevant historical authority is invalid. No valid disposition confirms the effective credit of 0 cents; informal agreement is insufficient. The disposition is absent or was not completed within the effective deadline. Buyer constraint is not satisfied: residual eligible expense is 2280500 cents.
rl-group-06-rollout-03,rl,train,learn-843dfc806ec50758,failure,0,62506,20.198,,,learning/dealroom-llama-learning-v2/rl-group-06-rollout-03/2026-09-28T19-15-34-00-00_learning-dealroom_AWXvU9bVNjHdhz6GakkrBA.eval,"No acceptable authorized disposition was recorded. Disposition is missing or relevant historical authority is invalid. revision-001 is unexecuted; missing signatures: seller No valid disposition confirms the effective credit of 0 cents; informal agreement is insufficient. The disposition is absent or was not completed within the effective deadline. Buyer constraint is not satisfied: residual eligible expense is 2280500 cents. Final claims are absent or assert unsupported disposition, credit, revision execution, or deadline."
rl-group-07-rollout-00,rl,train,learn-6965e97ccdfbd2d8,failure,0,64718,23.206,,,learning/dealroom-llama-learning-v2/rl-group-07-rollout-00/2026-09-28T21-59-47-00-00_learning-dealroom_ED7mvxRTchVsuizBYMWwX4.eval,"No acceptable authorized disposition was recorded. Disposition is missing or relevant historical authority is invalid. No valid disposition confirms the effective credit of 0 cents; informal agreement is insufficient. The disposition is absent or was not completed within the effective deadline. Buyer constraint is not satisfied: residual eligible expense is 686300 cents. Final claims are absent or assert unsupported disposition, credit, revision execution, or deadline."
rl-group-07-rollout-01,rl,train,learn-6965e97ccdfbd2d8,failure,0,24927,6.602,,,learning/dealroom-llama-learning-v2/rl-group-07-rollout-01/2026-09-28T22-00-10-00-00_learning-dealroom_7RCepxuXyfVg44xrh3SQjW.eval,"No acceptable authorized disposition was recorded. Disposition is missing or relevant historical authority is invalid. No valid disposition confirms the effective credit of 0 cents; informal agreement is insufficient. The disposition is absent or was not completed within the effective deadline. Buyer constraint is not satisfied: residual eligible expense is 686300 cents. Final claims are absent or assert unsupported disposition, credit, revision execution, or deadline."
rl-group-07-rollout-02,rl,train,learn-6965e97ccdfbd2d8,failure,0,30351,6.561,,,learning/dealroom-llama-learning-v2/rl-group-07-rollout-02/2026-09-28T22-00-17-00-00_learning-dealroom_LCviY9Jya7FKTZ7eHBmojg.eval,"No acceptable authorized disposition was recorded. Disposition is missing or relevant historical authority is invalid. No valid disposition confirms the effective credit of 0 cents; informal agreement is insufficient. The disposition is absent or was not completed within the effective deadline. Buyer constraint is not satisfied: residual eligible expense is 686300 cents. Final claims are absent or assert unsupported disposition, credit, revision execution, or deadline."
rl-group-07-rollout-03,rl,train,learn-6965e97ccdfbd2d8,failure,0,31996,10.814,,,learning/dealroom-llama-learning-v2/rl-group-07-rollout-03/2026-09-28T22-00-23-00-00_learning-dealroom_byJaAZchpWWrpH5n8huWdy.eval,"No acceptable authorized disposition was recorded. Disposition is missing or relevant historical authority is invalid. No valid disposition confirms the effective credit of 0 cents; informal agreement is insufficient. The disposition is absent or was not completed within the effective deadline. Buyer constraint is not satisfied: residual eligible expense is 686300 cents. Final claims are absent or assert unsupported disposition, credit, revision execution, or deadline."
rl-validation-learn-e580aafcf913d5e8,rl,validation,learn-e580aafcf913d5e8,success,1,57375,22.51,,,learning/dealroom-llama-learning-v2/rl-validation-learn-e580aafcf913d5e8/2026-09-28T22-00-38-00-00_learning-dealroom_4vXkJNmrz3fphWt6q69qPB.eval,All verifier predicates passed.
rl-validation-learn-36738f3939caf94d,rl,validation,learn-36738f3939caf94d,failure,0,91093,25.898,,,learning/dealroom-llama-learning-v2/rl-validation-learn-36738f3939caf94d/2026-09-28T22-01-01-00-00_learning-dealroom_VtJerkXKdBzN9b4NHrTbR4.eval,"No acceptable authorized disposition was recorded. Disposition is missing or relevant historical authority is invalid. revision-001 is unexecuted; missing signatures: seller No valid disposition confirms the effective credit of 0 cents; informal agreement is insufficient. The disposition is absent or was not completed within the effective deadline. Buyer constraint is not satisfied: residual eligible expense is 2393100 cents. Final claims are absent or assert unsupported disposition, credit, revision execution, or deadline."
rl-validation-learn-3a81bfeed24236a7,rl,validation,learn-3a81bfeed24236a7,failure,0,70060,22.353,,,learning/dealroom-llama-learning-v2/rl-validation-learn-3a81bfeed24236a7/2026-09-28T22-01-27-00-00_learning-dealroom_fkGFNBwuiEbBcnQwdGbfjo.eval,"No acceptable authorized disposition was recorded. Disposition is missing or relevant historical authority is invalid. revision-001 is unexecuted; missing signatures: seller No valid disposition confirms the effective credit of 0 cents; informal agreement is insufficient. The disposition is absent or was not completed within the effective deadline. Buyer constraint is not satisfied: residual eligible expense is 1087000 cents. Final claims are absent or assert unsupported disposition, credit, revision execution, or deadline."
rl-validation-learn-59cad0a3b17ab197,rl,validation,learn-59cad0a3b17ab197,success,1,63004,22.575,,,learning/dealroom-llama-learning-v2/rl-validation-learn-59cad0a3b17ab197/2026-09-28T22-01-49-00-00_learning-dealroom_h6UGWhgfhKxcjW3TPouzPZ.eval,All verifier predicates passed.
rl-validation-learn-e40c655f2c82ca3d,rl,validation,learn-e40c655f2c82ca3d,failure,0,48701,17.344,,,learning/dealroom-llama-learning-v2/rl-validation-learn-e40c655f2c82ca3d/2026-09-28T22-02-12-00-00_learning-dealroom_h8gEVFudfktKzxoTJLYrZz.eval,"No acceptable authorized disposition was recorded. Disposition is missing or relevant historical authority is invalid. No valid disposition confirms the effective credit of 0 cents; informal agreement is insufficient. The disposition is absent or was not completed within the effective deadline. Buyer constraint cannot yet be verified: no specialist quote is public. Final claims are absent or assert unsupported disposition, credit, revision execution, or deadline."
rl-validation-learn-6b8e70d850863715,rl,validation,learn-6b8e70d850863715,failure,0,93830,32.594,,,learning/dealroom-llama-learning-v2/rl-validation-learn-6b8e70d850863715/2026-09-28T22-02-29-00-00_learning-dealroom_XA48fpNEmpVJD9tzR6uPuv.eval,"No acceptable authorized disposition was recorded. Disposition is missing or relevant historical authority is invalid. revision-001 is unexecuted; missing signatures: seller No valid disposition confirms the effective credit of 0 cents; informal agreement is insufficient. The disposition is absent or was not completed within the effective deadline. Buyer constraint is not satisfied: residual eligible expense is 2198300 cents. Final claims are absent or assert unsupported disposition, credit, revision execution, or deadline."
rl-validation-learn-85110fbc5b0aeb20,rl,validation,learn-85110fbc5b0aeb20,failure,0,108110,32.532,,,learning/dealroom-llama-learning-v2/rl-validation-learn-85110fbc5b0aeb20/2026-09-28T22-03-02-00-00_learning-dealroom_VhEFouuVUVGUAX7q2qrPP2.eval,"No acceptable authorized disposition was recorded. Disposition is missing or relevant historical authority is invalid. revision-001 is unexecuted; missing signatures: seller No valid disposition confirms the effective credit of 0 cents; informal agreement is insufficient. The disposition is absent or was not completed within the effective deadline. Buyer constraint cannot yet be verified: no specialist quote is public. Final claims are absent or assert unsupported disposition, credit, revision execution, or deadline."
rl-validation-learn-02286b574edeaddb,rl,validation,learn-02286b574edeaddb,failure,0,123124,39.056,,,learning/dealroom-llama-learning-v2/rl-validation-learn-02286b574edeaddb/2026-09-28T22-03-35-00-00_learning-dealroom_5XmfpH9Gmb9cDdY6uxcZ9R.eval,"No acceptable authorized disposition was recorded. Disposition is missing or relevant historical authority is invalid. revision-001 is unexecuted; missing signatures: seller No valid disposition confirms the effective credit of 0 cents; informal agreement is insufficient. The disposition is absent or was not completed within the effective deadline. Buyer constraint cannot yet be verified: no specialist quote is public. Final claims are absent or assert unsupported disposition, credit, revision execution, or deadline."
rl-validation-learn-ea40312892046524,rl,validation,learn-ea40312892046524,failure,0,66931,20.459,,,learning/dealroom-llama-learning-v2/rl-validation-learn-ea40312892046524/2026-09-28T22-04-14-00-00_learning-dealroom_i4TTyx4yADde46wfTapN5m.eval,No acceptable authorized disposition was recorded. Disposition is missing or relevant historical authority is invalid. No valid disposition confirms the effective credit of 0 cents; informal agreement is insufficient. The disposition is absent or was not completed within the effective deadline. Buyer constraint is not satisfied: residual eligible expense is 1373800 cents.
rl-validation-learn-1066fab23e0f208f,rl,validation,learn-1066fab23e0f208f,failure,0,73468,21.922,,,learning/dealroom-llama-learning-v2/rl-validation-learn-1066fab23e0f208f/2026-09-28T22-04-34-00-00_learning-dealroom_A2RfyFP4qdoNB7jEQ5VjRH.eval,No acceptable authorized disposition was recorded. Disposition is missing or relevant historical authority is invalid. No valid disposition confirms the effective credit of 0 cents; informal agreement is insufficient. The disposition is absent or was not completed within the effective deadline. Buyer constraint is not satisfied: residual eligible expense is 2475500 cents.
rl-validation-learn-943d50a4e5febd9f,rl,validation,learn-943d50a4e5febd9f,failure,0,60538,19.312,,,learning/dealroom-llama-learning-v2/rl-validation-learn-943d50a4e5febd9f/2026-09-28T22-04-56-00-00_learning-dealroom_ThTo46qHXVuNVuMsAJZwpr.eval,No acceptable authorized disposition was recorded. Disposition is missing or relevant historical authority is invalid. No valid disposition confirms the effective credit of 0 cents; informal agreement is insufficient. The disposition is absent or was not completed within the effective deadline. Buyer constraint is not satisfied: residual eligible expense is 501500 cents.
rl-validation-learn-b60889d84f3b8f6c,rl,validation,learn-b60889d84f3b8f6c,failure,0,67116,20.635,,,learning/dealroom-llama-learning-v2/rl-validation-learn-b60889d84f3b8f6c/2026-09-28T22-05-16-00-00_learning-dealroom_X8zCnFA6wZEgmCJb2bRDqZ.eval,No acceptable authorized disposition was recorded. Disposition is missing or relevant historical authority is invalid. No valid disposition confirms the effective credit of 0 cents; informal agreement is insufficient. The disposition is absent or was not completed within the effective deadline. Buyer constraint is not satisfied: residual eligible expense is 1929300 cents.
rl-validation-learn-f9b48a204e490733,rl,validation,learn-f9b48a204e490733,failure,0,46903,15.873,,,learning/dealroom-llama-learning-v2/rl-validation-learn-f9b48a204e490733/2026-09-28T22-05-36-00-00_learning-dealroom_CtXWn9239UpgSr9Do28SpD.eval,No acceptable authorized disposition was recorded. Disposition is missing or relevant historical authority is invalid. No valid disposition confirms the effective credit of 0 cents; informal agreement is insufficient. The disposition is absent or was not completed within the effective deadline. Buyer constraint is not satisfied: residual eligible expense is 2158900 cents.
rl-validation-learn-f2c48dd888197338,rl,validation,learn-f2c48dd888197338,failure,0,53081,16.961,,,learning/dealroom-llama-learning-v2/rl-validation-learn-f2c48dd888197338/2026-09-28T22-05-52-00-00_learning-dealroom_RXSp6Ja3VvYeLqm9itmcyi.eval,"No acceptable authorized disposition was recorded. Disposition is missing or relevant historical authority is invalid. No valid disposition confirms the effective credit of 0 cents; informal agreement is insufficient. The disposition is absent or was not completed within the effective deadline. Buyer constraint is not satisfied: residual eligible expense is 1398400 cents. Final claims are absent or assert unsupported disposition, credit, revision execution, or deadline."
rl-validation-learn-735b77b2e44165fc,rl,validation,learn-735b77b2e44165fc,failure,0,63333,21.098,,,learning/dealroom-llama-learning-v2/rl-validation-learn-735b77b2e44165fc/2026-09-28T22-06-09-00-00_learning-dealroom_9S6dC9sQDeJiFzXsqP9D3s.eval,"No acceptable authorized disposition was recorded. Disposition is missing or relevant historical authority is invalid. revision-001 is unexecuted; missing signatures: seller No valid disposition confirms the effective credit of 0 cents; informal agreement is insufficient. The disposition is absent or was not completed within the effective deadline. Buyer constraint is not satisfied: residual eligible expense is 1657900 cents. Final claims are absent or assert unsupported disposition, credit, revision execution, or deadline."
rl-validation-learn-cd16fb9ae4d2aec1,rl,validation,learn-cd16fb9ae4d2aec1,failure,0,36384,13.079,,,learning/dealroom-llama-learning-v2/rl-validation-learn-cd16fb9ae4d2aec1/2026-09-28T22-06-31-00-00_learning-dealroom_MbtJwJEFrnpAqTaYJAxZAS.eval,No acceptable authorized disposition was recorded. Disposition is missing or relevant historical authority is invalid. No valid disposition confirms the effective credit of 0 cents; informal agreement is insufficient. The disposition is absent or was not completed within the effective deadline. Buyer constraint is not satisfied: residual eligible expense is 1040200 cents.
rl-validation-learn-3d4e21d4277dc272,rl,validation,learn-3d4e21d4277dc272,failure,0,70220,22.076,,,learning/dealroom-llama-learning-v2/rl-validation-learn-3d4e21d4277dc272/2026-09-28T22-06-44-00-00_learning-dealroom_7CQzjKrUy6cWtaR3oCzgvv.eval,No acceptable authorized disposition was recorded. Disposition is missing or relevant historical authority is invalid. No valid disposition confirms the effective credit of 0 cents; informal agreement is insufficient. The disposition is absent or was not completed within the effective deadline. Buyer constraint is not satisfied: residual eligible expense is 2313000 cents.
rl-validation-learn-c1b7c22f046eba73,rl,validation,learn-c1b7c22f046eba73,failure,0,76610,23.324,,,learning/dealroom-llama-learning-v2/rl-validation-learn-c1b7c22f046eba73/2026-09-28T22-07-06-00-00_learning-dealroom_F4agSA44kS8kDSgAbVtpHo.eval,No acceptable authorized disposition was recorded. Disposition is missing or relevant historical authority is invalid. No valid disposition confirms the effective credit of 0 cents; informal agreement is insufficient. The disposition is absent or was not completed within the effective deadline. Buyer constraint is not satisfied: residual eligible expense is 946700 cents.
rl-validation-learn-61a68c0a2d2c1fb3,rl,validation,learn-61a68c0a2d2c1fb3,failure,0,70293,22.08,,,learning/dealroom-llama-learning-v2/rl-validation-learn-61a68c0a2d2c1fb3/2026-09-28T22-07-29-00-00_learning-dealroom_EryemzyQGvBF64BHixyAQ3.eval,No acceptable authorized disposition was recorded. Disposition is missing or relevant historical authority is invalid. No valid disposition confirms the effective credit of 0 cents; informal agreement is insufficient. The disposition is absent or was not completed within the effective deadline. Buyer constraint is not satisfied: residual eligible expense is 1691700 cents.
rl-validation-learn-359c2fcda944f19a,rl,validation,learn-359c2fcda944f19a,failure,0,70150,21.908,,,learning/dealroom-llama-learning-v2/rl-validation-learn-359c2fcda944f19a/2026-09-28T22-07-51-00-00_learning-dealroom_SyjFGoQLpgEDzNQ89uKGSo.eval,No acceptable authorized disposition was recorded. Disposition is missing or relevant historical authority is invalid. No valid disposition confirms the effective credit of 0 cents; informal agreement is insufficient. The disposition is absent or was not completed within the effective deadline. Buyer constraint is not satisfied: residual eligible expense is 1588900 cents.
rl-validation-learn-5d8f2cba568eaf96,rl,validation,learn-5d8f2cba568eaf96,failure,0,63636,20.859,,,learning/dealroom-llama-learning-v2/rl-validation-learn-5d8f2cba568eaf96/2026-09-28T22-08-13-00-00_learning-dealroom_jiRYBemgtCaX5c8oUPw9ho.eval,No acceptable authorized disposition was recorded. Disposition is missing or relevant historical authority is invalid. No valid disposition confirms the effective credit of 848500 cents; informal agreement is insufficient. The disposition is absent or was not completed within the effective deadline. Buyer constraint is not satisfied: residual eligible expense is 148800 cents.
rl-validation-learn-57fa654d5227cce9,rl,validation,learn-57fa654d5227cce9,failure,0,54150,16.535,,,learning/dealroom-llama-learning-v2/rl-validation-learn-57fa654d5227cce9/2026-09-28T22-08-34-00-00_learning-dealroom_EUsMyNdjRvnyZ7jVbT7Xhv.eval,"No acceptable authorized disposition was recorded. Disposition is missing or relevant historical authority is invalid. No valid disposition confirms the effective credit of 1182500 cents; informal agreement is insufficient. The disposition is absent or was not completed within the effective deadline. Buyer constraint is not satisfied: residual eligible expense is 180800 cents. Final claims are absent or assert unsupported disposition, credit, revision execution, or deadline."
rl-validation-learn-bdae71c93852e9b7,rl,validation,learn-bdae71c93852e9b7,failure,0,55694,18.573,,,learning/dealroom-llama-learning-v2/rl-validation-learn-bdae71c93852e9b7/2026-09-28T22-08-51-00-00_learning-dealroom_hLaNsrbpzrudGuzuZpCS63.eval,"No acceptable authorized disposition was recorded. Disposition is missing or relevant historical authority is invalid. No valid disposition confirms the effective credit of 1612900 cents; informal agreement is insufficient. The disposition is absent or was not completed within the effective deadline. Buyer constraint is not satisfied: residual eligible expense is 166400 cents. Final claims are absent or assert unsupported disposition, credit, revision execution, or deadline."
rl-validation-learn-f3dfe6146c9177f5,rl,validation,learn-f3dfe6146c9177f5,failure,0,63754,20.745,,,learning/dealroom-llama-learning-v2/rl-validation-learn-f3dfe6146c9177f5/2026-09-28T22-09-10-00-00_learning-dealroom_grD8XmQMwiZ9qwKtQ6uJX2.eval,"No acceptable authorized disposition was recorded. Disposition is missing or relevant historical authority is invalid. No valid disposition confirms the effective credit of 1170700 cents; informal agreement is insufficient. The disposition is absent or was not completed within the effective deadline. Buyer constraint is not satisfied: residual eligible expense is 130800 cents. Final claims are absent or assert unsupported disposition, credit, revision execution, or deadline."
rl-validation-learn-f0da1f9306b6b7d2,rl,validation,learn-f0da1f9306b6b7d2,failure,0,61261,19.402,,,learning/dealroom-llama-learning-v2/rl-validation-learn-f0da1f9306b6b7d2/2026-09-28T22-09-31-00-00_learning-dealroom_iuzjFvyYJWwRaY4qgxu8KA.eval,"No acceptable authorized disposition was recorded. Disposition is missing or relevant historical authority is invalid. No valid disposition confirms the effective credit of 0 cents; informal agreement is insufficient. The disposition is absent or was not completed within the effective deadline. Buyer constraint is not satisfied: residual eligible expense is 1902500 cents. Final claims are absent or assert unsupported disposition, credit, revision execution, or deadline."
rl-validation-learn-f1ab83c73d76f8ff,rl,validation,learn-f1ab83c73d76f8ff,failure,0,91626,27.226,,,learning/dealroom-llama-learning-v2/rl-validation-learn-f1ab83c73d76f8ff/2026-09-28T22-09-50-00-00_learning-dealroom_RScWsdzCiM4k4CSMAJUVNz.eval,"No acceptable authorized disposition was recorded. Disposition is missing or relevant historical authority is invalid. revision-001 is unexecuted; missing signatures: seller No valid disposition confirms the effective credit of 0 cents; informal agreement is insufficient. The disposition is absent or was not completed within the effective deadline. Buyer constraint is not satisfied: residual eligible expense is 1451800 cents. Final claims are absent or assert unsupported disposition, credit, revision execution, or deadline."
rl-validation-learn-3dcf54e96ee508fa,rl,validation,learn-3dcf54e96ee508fa,failure,0,68718,22.062,,,learning/dealroom-llama-learning-v2/rl-validation-learn-3dcf54e96ee508fa/2026-09-28T22-10-17-00-00_learning-dealroom_PMKJS39wtsnkqGAsYTWaLB.eval,"No acceptable authorized disposition was recorded. Disposition is missing or relevant historical authority is invalid. revision-001 is unexecuted; missing signatures: buyer, seller No valid disposition confirms the effective credit of 0 cents; informal agreement is insufficient. The disposition is absent or was not completed within the effective deadline. Buyer constraint is not satisfied: residual eligible expense is 702900 cents. Final claims are absent or assert unsupported disposition, credit, revision execution, or deadline."
rl-validation-learn-6b58fcb911cc7d25,rl,validation,learn-6b58fcb911cc7d25,failure,0,77869,24.901,,,learning/dealroom-llama-learning-v2/rl-validation-learn-6b58fcb911cc7d25/2026-09-28T22-10-39-00-00_learning-dealroom_LTf672fk2kNkJTgrY2eHdH.eval,"No acceptable authorized disposition was recorded. Disposition is missing or relevant historical authority is invalid. revision-001 is unexecuted; missing signatures: seller No valid disposition confirms the effective credit of 0 cents; informal agreement is insufficient. The disposition is absent or was not completed within the effective deadline. Buyer constraint is not satisfied: residual eligible expense is 1100800 cents. Final claims are absent or assert unsupported disposition, credit, revision execution, or deadline."
rl-validation-learn-b832c9266b686060,rl,validation,learn-b832c9266b686060,failure,0,61423,19.611,,,learning/dealroom-llama-learning-v2/rl-validation-learn-b832c9266b686060/2026-09-28T22-11-04-00-00_learning-dealroom_Mu7J66HWWDfubFUHWhiWcd.eval,"No acceptable authorized disposition was recorded. Disposition is missing or relevant historical authority is invalid. No valid disposition confirms the effective credit of 0 cents; informal agreement is insufficient. The disposition is absent or was not completed within the effective deadline. Buyer constraint is not satisfied: residual eligible expense is 1332400 cents. Final claims are absent or assert unsupported disposition, credit, revision execution, or deadline."
rl-validation-learn-7ae68d74e259b69d,rl,validation,learn-7ae68d74e259b69d,failure,0,76730,24.33,,,learning/dealroom-llama-learning-v2/rl-validation-learn-7ae68d74e259b69d/2026-09-28T22-11-24-00-00_learning-dealroom_EGFHw55pRSkqzoV2gEvxi7.eval,"No acceptable authorized disposition was recorded. Disposition is missing or relevant historical authority is invalid. revision-001 is unexecuted; missing signatures: seller No valid disposition confirms the effective credit of 0 cents; informal agreement is insufficient. The disposition is absent or was not completed within the effective deadline. Buyer constraint is not satisfied: residual eligible expense is 965300 cents. Final claims are absent or assert unsupported disposition, credit, revision execution, or deadline."
rl-validation-learn-2b121475596886af,rl,validation,learn-2b121475596886af,failure,0,34300,10.587,,,learning/dealroom-llama-learning-v2/rl-validation-learn-2b121475596886af/2026-09-28T22-11-49-00-00_learning-dealroom_J8Ts94zRAx6JfDK9wctvbh.eval,"No acceptable authorized disposition was recorded. Disposition is missing or relevant historical authority is invalid. No valid disposition confirms the effective credit of 0 cents; informal agreement is insufficient. The disposition is absent or was not completed within the effective deadline. Buyer constraint is not satisfied: residual eligible expense is 1734500 cents. Final claims are absent or assert unsupported disposition, credit, revision execution, or deadline."
rl-validation-learn-ccf3c4d1fba7d4d3,rl,validation,learn-ccf3c4d1fba7d4d3,failure,0,49487,16.735,,,learning/dealroom-llama-learning-v2/rl-validation-learn-ccf3c4d1fba7d4d3/2026-09-28T22-11-59-00-00_learning-dealroom_hLUmKKpsywbNjVy3ehkPNW.eval,No acceptable authorized disposition was recorded. Disposition is missing or relevant historical authority is invalid. No valid disposition confirms the effective credit of 0 cents; informal agreement is insufficient. The disposition is absent or was not completed within the effective deadline. Buyer constraint is not satisfied: residual eligible expense is 456000 cents.
original-sealed_test-learn-6b9a43b578d5b5dc,original,sealed_test,learn-6b9a43b578d5b5dc,failure,0,3297,6.217,,,learning/dealroom-llama-learning-v2/original-sealed_test-learn-6b9a43b578d5b5dc/2026-09-28T22-12-19-00-00_learning-dealroom_Wx5JjoPzRf5RYqLhaPK4yx.eval,"No acceptable authorized disposition was recorded. Disposition is missing or relevant historical authority is invalid. No valid disposition confirms the effective credit of 0 cents; informal agreement is insufficient. The disposition is absent or was not completed within the effective deadline. Buyer constraint is not satisfied: residual eligible expense is 678100 cents. Final claims are absent or assert unsupported disposition, credit, revision execution, or deadline."
original-sealed_test-learn-58df3052ffb6f8f4,original,sealed_test,learn-58df3052ffb6f8f4,failure,0,38247,16.401,,,learning/dealroom-llama-learning-v2/original-sealed_test-learn-58df3052ffb6f8f4/2026-09-28T22-12-25-00-00_learning-dealroom_an4i75ZeaYBJ7rn5iSFFhk.eval,No acceptable authorized disposition was recorded. Disposition is missing or relevant historical authority is invalid. No valid disposition confirms the effective credit of 0 cents; informal agreement is insufficient. The disposition is absent or was not completed within the effective deadline. Buyer constraint is not satisfied: residual eligible expense is 1259300 cents.
original-sealed_test-learn-7caf1c15059e531d,original,sealed_test,learn-7caf1c15059e531d,failure,0,12522,7.316,,,learning/dealroom-llama-learning-v2/original-sealed_test-learn-7caf1c15059e531d/2026-09-28T22-12-41-00-00_learning-dealroom_Rz6hV8KRK88Ges8PMNLZx7.eval,"No acceptable authorized disposition was recorded. Disposition is missing or relevant historical authority is invalid. No valid disposition confirms the effective credit of 0 cents; informal agreement is insufficient. The disposition is absent or was not completed within the effective deadline. Buyer constraint is not satisfied: residual eligible expense is 2202900 cents. Final claims are absent or assert unsupported disposition, credit, revision execution, or deadline."
original-sealed_test-learn-f476108e43e2d3f7,original,sealed_test,learn-f476108e43e2d3f7,failure,0,24000,11.625,,,learning/dealroom-llama-learning-v2/original-sealed_test-learn-f476108e43e2d3f7/2026-09-28T22-12-49-00-00_learning-dealroom_AJp9vbYa74qjoLdXsrA9Ua.eval,No acceptable authorized disposition was recorded. Disposition is missing or relevant historical authority is invalid. No valid disposition confirms the effective credit of 0 cents; informal agreement is insufficient. The disposition is absent or was not completed within the effective deadline. Buyer constraint is not satisfied: residual eligible expense is 1392700 cents.
original-sealed_test-learn-2b1d9e1da834fc05,original,sealed_test,learn-2b1d9e1da834fc05,failure,0,3710,10.475,,,learning/dealroom-llama-learning-v2/original-sealed_test-learn-2b1d9e1da834fc05/2026-09-28T22-13-01-00-00_learning-dealroom_oSGbB7NxEmMxcKM24ueMRF.eval,"No acceptable authorized disposition was recorded. Disposition is missing or relevant historical authority is invalid. revision-001 does not exist No valid disposition confirms the effective credit of 0 cents; informal agreement is insufficient. The disposition is absent or was not completed within the effective deadline. Buyer constraint is not satisfied: residual eligible expense is 497500 cents. Final claims are absent or assert unsupported disposition, credit, revision execution, or deadline."
original-sealed_test-learn-da0b3bc319624ef1,original,sealed_test,learn-da0b3bc319624ef1,failure,0,30460,13.728,,,learning/dealroom-llama-learning-v2/original-sealed_test-learn-da0b3bc319624ef1/2026-09-28T22-13-11-00-00_learning-dealroom_4Kdnw3cAeXG38q4Uzh7dfo.eval,No acceptable authorized disposition was recorded. Disposition is missing or relevant historical authority is invalid. No valid disposition confirms the effective credit of 0 cents; informal agreement is insufficient. The disposition is absent or was not completed within the effective deadline. Buyer constraint is not satisfied: residual eligible expense is 2012300 cents.
original-sealed_test-learn-ab3da525c958f156,original,sealed_test,learn-ab3da525c958f156,failure,0,17932,9.318,,,learning/dealroom-llama-learning-v2/original-sealed_test-learn-ab3da525c958f156/2026-09-28T22-13-25-00-00_learning-dealroom_4p5aumiqCD3vRcC8n7mhZw.eval,"No acceptable authorized disposition was recorded. Disposition is missing or relevant historical authority is invalid. No valid disposition confirms the effective credit of 0 cents; informal agreement is insufficient. The disposition is absent or was not completed within the effective deadline. Buyer constraint is not satisfied: residual eligible expense is 1974000 cents. Final claims are absent or assert unsupported disposition, credit, revision execution, or deadline."
original-sealed_test-learn-cc864fa9f9ba206b,original,sealed_test,learn-cc864fa9f9ba206b,failure,0,24286,11.856,,,learning/dealroom-llama-learning-v2/original-sealed_test-learn-cc864fa9f9ba206b/2026-09-28T22-13-34-00-00_learning-dealroom_BYDdPNzzDWuhTWNcbFh3Za.eval,No acceptable authorized disposition was recorded. Disposition is missing or relevant historical authority is invalid. No valid disposition confirms the effective credit of 0 cents; informal agreement is insufficient. The disposition is absent or was not completed within the effective deadline. Buyer constraint is not satisfied: residual eligible expense is 1253000 cents.
original-sealed_test-learn-8241665df8272770,original,sealed_test,learn-8241665df8272770,failure,0,12494,7.319,,,learning/dealroom-llama-learning-v2/original-sealed_test-learn-8241665df8272770/2026-09-28T22-13-46-00-00_learning-dealroom_7zCnHNAZ9vdDSaxNC2YTBQ.eval,"No acceptable authorized disposition was recorded. Disposition is missing or relevant historical authority is invalid. No valid disposition confirms the effective credit of 0 cents; informal agreement is insufficient. The disposition is absent or was not completed within the effective deadline. Buyer constraint is not satisfied: residual eligible expense is 971600 cents. Final claims are absent or assert unsupported disposition, credit, revision execution, or deadline."
original-sealed_test-learn-04fc1f4e721488a6,original,sealed_test,learn-04fc1f4e721488a6,failure,0,13340,9.054,,,learning/dealroom-llama-learning-v2/original-sealed_test-learn-04fc1f4e721488a6/2026-09-28T22-13-54-00-00_learning-dealroom_Jm2Ck8oJYu9wKnpMNZjcGZ.eval,"No acceptable authorized disposition was recorded. Disposition is missing or relevant historical authority is invalid. No valid disposition confirms the effective credit of 0 cents; informal agreement is insufficient. The disposition is absent or was not completed within the effective deadline. Buyer constraint is not satisfied: residual eligible expense is 2079600 cents. Final claims are absent or assert unsupported disposition, credit, revision execution, or deadline."
original-sealed_test-learn-2c1e377ebadc5318,original,sealed_test,learn-2c1e377ebadc5318,failure,0,12647,7.414,,,learning/dealroom-llama-learning-v2/original-sealed_test-learn-2c1e377ebadc5318/2026-09-28T22-14-03-00-00_learning-dealroom_5iUKQUce5iWkMQg7nJ92NK.eval,"No acceptable authorized disposition was recorded. Disposition is missing or relevant historical authority is invalid. No valid disposition confirms the effective credit of 0 cents; informal agreement is insufficient. The disposition is absent or was not completed within the effective deadline. Buyer constraint is not satisfied: residual eligible expense is 823900 cents. Final claims are absent or assert unsupported disposition, credit, revision execution, or deadline."
original-sealed_test-learn-db13903ea7a7f1d2,original,sealed_test,learn-db13903ea7a7f1d2,failure,0,3297,3.113,,,learning/dealroom-llama-learning-v2/original-sealed_test-learn-db13903ea7a7f1d2/2026-09-28T22-14-10-00-00_learning-dealroom_6A8ip6iXHfoBJFgYZcatUx.eval,"No acceptable authorized disposition was recorded. Disposition is missing or relevant historical authority is invalid. No valid disposition confirms the effective credit of 0 cents; informal agreement is insufficient. The disposition is absent or was not completed within the effective deadline. Buyer constraint is not satisfied: residual eligible expense is 1090300 cents. Final claims are absent or assert unsupported disposition, credit, revision execution, or deadline."
original-sealed_test-learn-143965d6429185b2,original,sealed_test,learn-143965d6429185b2,failure,0,3887,14.041,,,learning/dealroom-llama-learning-v2/original-sealed_test-learn-143965d6429185b2/2026-09-28T22-14-13-00-00_learning-dealroom_Fy6pkWmANUqYZzzkDU3t6R.eval,"No acceptable authorized disposition was recorded. Disposition is missing or relevant historical authority is invalid. No valid disposition confirms the effective credit of 0 cents; informal agreement is insufficient. The disposition is absent or was not completed within the effective deadline. Buyer constraint is not satisfied: residual eligible expense is 2255700 cents. Final claims are absent or assert unsupported disposition, credit, revision execution, or deadline."
original-sealed_test-learn-4d35cf154cd528d5,original,sealed_test,learn-4d35cf154cd528d5,failure,0,30943,13.991,,,learning/dealroom-llama-learning-v2/original-sealed_test-learn-4d35cf154cd528d5/2026-09-28T22-14-28-00-00_learning-dealroom_S55riqZtQSraTaXh9LeHey.eval,No acceptable authorized disposition was recorded. Disposition is missing or relevant historical authority is invalid. No valid disposition confirms the effective credit of 0 cents; informal agreement is insufficient. The disposition is absent or was not completed within the effective deadline. Buyer constraint is not satisfied: residual eligible expense is 1645900 cents.
original-sealed_test-learn-e34d0d273f25f19a,original,sealed_test,learn-e34d0d273f25f19a,failure,0,3297,3.177,,,learning/dealroom-llama-learning-v2/original-sealed_test-learn-e34d0d273f25f19a/2026-09-28T22-14-42-00-00_learning-dealroom_9LFSdbWgNvxtRHhGdu7neo.eval,"No acceptable authorized disposition was recorded. Disposition is missing or relevant historical authority is invalid. No valid disposition confirms the effective credit of 0 cents; informal agreement is insufficient. The disposition is absent or was not completed within the effective deadline. Buyer constraint is not satisfied: residual eligible expense is 1451500 cents. Final claims are absent or assert unsupported disposition, credit, revision execution, or deadline."
original-sealed_test-learn-b1e0bb492a54e4e0,original,sealed_test,learn-b1e0bb492a54e4e0,failure,0,3299,3.09,,,learning/dealroom-llama-learning-v2/original-sealed_test-learn-b1e0bb492a54e4e0/2026-09-28T22-14-45-00-00_learning-dealroom_FV5bEHn7aMmnz6L3CDzcUV.eval,"No acceptable authorized disposition was recorded. Disposition is missing or relevant historical authority is invalid. No valid disposition confirms the effective credit of 0 cents; informal agreement is insufficient. The disposition is absent or was not completed within the effective deadline. Buyer constraint is not satisfied: residual eligible expense is 1001700 cents. Final claims are absent or assert unsupported disposition, credit, revision execution, or deadline."
original-sealed_test-learn-5c98348ec56d3e9f,original,sealed_test,learn-5c98348ec56d3e9f,failure,0,3468,3.354,,,learning/dealroom-llama-learning-v2/original-sealed_test-learn-5c98348ec56d3e9f/2026-09-28T22-14-48-00-00_learning-dealroom_QRXR9GYPsYVEsA26Yyeb8d.eval,"No acceptable authorized disposition was recorded. Disposition is missing or relevant historical authority is invalid. No valid disposition confirms the effective credit of 0 cents; informal agreement is insufficient. The disposition is absent or was not completed within the effective deadline. Buyer constraint cannot yet be verified: no specialist quote is public. Final claims are absent or assert unsupported disposition, credit, revision execution, or deadline."
original-sealed_test-learn-23e3e44c46d23929,original,sealed_test,learn-23e3e44c46d23929,failure,0,3497,3.47,,,learning/dealroom-llama-learning-v2/original-sealed_test-learn-23e3e44c46d23929/2026-09-28T22-14-52-00-00_learning-dealroom_79jToWMcu4vtdTS72mjkgx.eval,"No acceptable authorized disposition was recorded. Disposition is missing or relevant historical authority is invalid. No valid disposition confirms the effective credit of 0 cents; informal agreement is insufficient. The disposition is absent or was not completed within the effective deadline. Buyer constraint cannot yet be verified: no specialist quote is public. Final claims are absent or assert unsupported disposition, credit, revision execution, or deadline."
original-sealed_test-learn-092bb6cd362c014f,original,sealed_test,learn-092bb6cd362c014f,failure,0,3689,7.522,,,learning/dealroom-llama-learning-v2/original-sealed_test-learn-092bb6cd362c014f/2026-09-28T22-14-55-00-00_learning-dealroom_ei35XgocvxTaDPKJcq9QdR.eval,"No acceptable authorized disposition was recorded. Disposition is missing or relevant historical authority is invalid. revision-001 is unexecuted; missing signatures: seller No valid disposition confirms the effective credit of 0 cents; informal agreement is insufficient. The disposition is absent or was not completed within the effective deadline. Buyer constraint cannot yet be verified: no specialist quote is public. Final claims are absent or assert unsupported disposition, credit, revision execution, or deadline."
original-sealed_test-learn-c4d8abd4c66dfd2a,original,sealed_test,learn-c4d8abd4c66dfd2a,failure,0,3465,3.599,,,learning/dealroom-llama-learning-v2/original-sealed_test-learn-c4d8abd4c66dfd2a/2026-09-28T22-15-03-00-00_learning-dealroom_NjKzNpXrGAe3AqHpRx8wmi.eval,"No acceptable authorized disposition was recorded. Disposition is missing or relevant historical authority is invalid. No valid disposition confirms the effective credit of 0 cents; informal agreement is insufficient. The disposition is absent or was not completed within the effective deadline. Buyer constraint cannot yet be verified: no specialist quote is public. Final claims are absent or assert unsupported disposition, credit, revision execution, or deadline."
original-sealed_test-learn-466a81f797575a01,original,sealed_test,learn-466a81f797575a01,failure,0,51575,25.332,,,learning/dealroom-llama-learning-v2/original-sealed_test-learn-466a81f797575a01/2026-09-28T22-15-06-00-00_learning-dealroom_Nd9ZtvVRnpzU7avwdhoDde.eval,"No acceptable authorized disposition was recorded. Disposition is missing or relevant historical authority is invalid. No valid disposition confirms the effective credit of 2197000 cents; informal agreement is insufficient. The disposition is absent or was not completed within the effective deadline. Buyer constraint cannot yet be verified: no specialist quote is public. Final claims are absent or assert unsupported disposition, credit, revision execution, or deadline."
original-sealed_test-learn-40b623a871feae11,original,sealed_test,learn-40b623a871feae11,failure,0,3466,3.566,,,learning/dealroom-llama-learning-v2/original-sealed_test-learn-40b623a871feae11/2026-09-28T22-15-32-00-00_learning-dealroom_MpPB7TniwZbGATioigA6QN.eval,"No acceptable authorized disposition was recorded. Disposition is missing or relevant historical authority is invalid. No valid disposition confirms the effective credit of 0 cents; informal agreement is insufficient. The disposition is absent or was not completed within the effective deadline. Buyer constraint cannot yet be verified: no specialist quote is public. Final claims are absent or assert unsupported disposition, credit, revision execution, or deadline."
original-sealed_test-learn-840ec298f6bad442,original,sealed_test,learn-840ec298f6bad442,failure,0,3465,3.37,,,learning/dealroom-llama-learning-v2/original-sealed_test-learn-840ec298f6bad442/2026-09-28T22-15-35-00-00_learning-dealroom_M7Z9ABYZzA5CrVpmc9JVFs.eval,"No acceptable authorized disposition was recorded. Disposition is missing or relevant historical authority is invalid. No valid disposition confirms the effective credit of 0 cents; informal agreement is insufficient. The disposition is absent or was not completed within the effective deadline. Buyer constraint cannot yet be verified: no specialist quote is public. Final claims are absent or assert unsupported disposition, credit, revision execution, or deadline."
original-sealed_test-learn-2ec9b3f5da6a64e9,original,sealed_test,learn-2ec9b3f5da6a64e9,failure,0,3490,3.474,,,learning/dealroom-llama-learning-v2/original-sealed_test-learn-2ec9b3f5da6a64e9/2026-09-28T22-15-39-00-00_learning-dealroom_KojrT9qznCbcFwzSm7nRyw.eval,"No acceptable authorized disposition was recorded. Disposition is missing or relevant historical authority is invalid. No valid disposition confirms the effective credit of 0 cents; informal agreement is insufficient. The disposition is absent or was not completed within the effective deadline. Buyer constraint cannot yet be verified: no specialist quote is public. Final claims are absent or assert unsupported disposition, credit, revision execution, or deadline."
original-sealed_test-learn-69c233e33a1d2cf4,original,sealed_test,learn-69c233e33a1d2cf4,failure,0,3467,3.371,,,learning/dealroom-llama-learning-v2/original-sealed_test-learn-69c233e33a1d2cf4/2026-09-28T22-15-42-00-00_learning-dealroom_fEVfPzGjrCZ8Bt2qEQomrd.eval,"No acceptable authorized disposition was recorded. Disposition is missing or relevant historical authority is invalid. No valid disposition confirms the effective credit of 0 cents; informal agreement is insufficient. The disposition is absent or was not completed within the effective deadline. Buyer constraint cannot yet be verified: no specialist quote is public. Final claims are absent or assert unsupported disposition, credit, revision execution, or deadline."
original-sealed_test-learn-71a4b78b9fa20470,original,sealed_test,learn-71a4b78b9fa20470,failure,0,3471,3.401,,,learning/dealroom-llama-learning-v2/original-sealed_test-learn-71a4b78b9fa20470/2026-09-28T22-15-46-00-00_learning-dealroom_DqHvBR2gwN9yKE4PbDKjHo.eval,"No acceptable authorized disposition was recorded. Disposition is missing or relevant historical authority is invalid. No valid disposition confirms the effective credit of 0 cents; informal agreement is insufficient. The disposition is absent or was not completed within the effective deadline. Buyer constraint cannot yet be verified: no specialist quote is public. Final claims are absent or assert unsupported disposition, credit, revision execution, or deadline."
original-sealed_test-learn-75beb3c7935f5a5c,original,sealed_test,learn-75beb3c7935f5a5c,failure,0,3496,3.451,,,learning/dealroom-llama-learning-v2/original-sealed_test-learn-75beb3c7935f5a5c/2026-09-28T22-15-49-00-00_learning-dealroom_Em6rKcKgbfyyGK4woaBE6j.eval,"No acceptable authorized disposition was recorded. Disposition is missing or relevant historical authority is invalid. No valid disposition confirms the effective credit of 0 cents; informal agreement is insufficient. The disposition is absent or was not completed within the effective deadline. Buyer constraint cannot yet be verified: no specialist quote is public. Final claims are absent or assert unsupported disposition, credit, revision execution, or deadline."
original-sealed_test-learn-e613ecba41c77137,original,sealed_test,learn-e613ecba41c77137,failure,0,3466,3.388,,,learning/dealroom-llama-learning-v2/original-sealed_test-learn-e613ecba41c77137/2026-09-28T22-15-53-00-00_learning-dealroom_WYm6HjMKHjzPde8WiHEkdi.eval,"No acceptable authorized disposition was recorded. Disposition is missing or relevant historical authority is invalid. No valid disposition confirms the effective credit of 0 cents; informal agreement is insufficient. The disposition is absent or was not completed within the effective deadline. Buyer constraint cannot yet be verified: no specialist quote is public. Final claims are absent or assert unsupported disposition, credit, revision execution, or deadline."
original-sealed_test-learn-fb22741002c4c2c9,original,sealed_test,learn-fb22741002c4c2c9,failure,0,3463,3.394,,,learning/dealroom-llama-learning-v2/original-sealed_test-learn-fb22741002c4c2c9/2026-09-28T22-15-56-00-00_learning-dealroom_FaQJKem8zcfKgXeDCTe5bE.eval,"No acceptable authorized disposition was recorded. Disposition is missing or relevant historical authority is invalid. No valid disposition confirms the effective credit of 0 cents; informal agreement is insufficient. The disposition is absent or was not completed within the effective deadline. Buyer constraint cannot yet be verified: no specialist quote is public. Final claims are absent or assert unsupported disposition, credit, revision execution, or deadline."
original-sealed_test-learn-16268d5ea2f59814,original,sealed_test,learn-16268d5ea2f59814,failure,0,3490,3.448,,,learning/dealroom-llama-learning-v2/original-sealed_test-learn-16268d5ea2f59814/2026-09-28T22-16-00-00-00_learning-dealroom_oBs5fUn97AzjDKkZiDqvdp.eval,"No acceptable authorized disposition was recorded. Disposition is missing or relevant historical authority is invalid. No valid disposition confirms the effective credit of 0 cents; informal agreement is insufficient. The disposition is absent or was not completed within the effective deadline. Buyer constraint cannot yet be verified: no specialist quote is public. Final claims are absent or assert unsupported disposition, credit, revision execution, or deadline."
original-sealed_test-learn-58bba0aec2f03519,original,sealed_test,learn-58bba0aec2f03519,failure,0,3461,3.4,,,learning/dealroom-llama-learning-v2/original-sealed_test-learn-58bba0aec2f03519/2026-09-28T22-16-03-00-00_learning-dealroom_RzRS5pL8iHkuzbxUaPU4ya.eval,"No acceptable authorized disposition was recorded. Disposition is missing or relevant historical authority is invalid. No valid disposition confirms the effective credit of 0 cents; informal agreement is insufficient. The disposition is absent or was not completed within the effective deadline. Buyer constraint cannot yet be verified: no specialist quote is public. Final claims are absent or assert unsupported disposition, credit, revision execution, or deadline."
original-sealed_test-learn-5004ebd50a7aa5f1,original,sealed_test,learn-5004ebd50a7aa5f1,failure,0,3471,3.374,,,learning/dealroom-llama-learning-v2/original-sealed_test-learn-5004ebd50a7aa5f1/2026-09-28T22-16-07-00-00_learning-dealroom_NYpFTKUYfEqK5DSSaRycFg.eval,"No acceptable authorized disposition was recorded. Disposition is missing or relevant historical authority is invalid. No valid disposition confirms the effective credit of 0 cents; informal agreement is insufficient. The disposition is absent or was not completed within the effective deadline. Buyer constraint cannot yet be verified: no specialist quote is public. Final claims are absent or assert unsupported disposition, credit, revision execution, or deadline."
original-sealed_test-learn-67bdb2c2a011bf48,original,sealed_test,learn-67bdb2c2a011bf48,failure,0,3524,3.556,,,learning/dealroom-llama-learning-v2/original-sealed_test-learn-67bdb2c2a011bf48/2026-09-28T22-16-10-00-00_learning-dealroom_YqBw6MrzruP3GYTXggPJjE.eval,"No acceptable authorized disposition was recorded. Disposition is missing or relevant historical authority is invalid. No valid disposition confirms the effective credit of 675300 cents; informal agreement is insufficient. The disposition is absent or was not completed within the effective deadline. Buyer constraint is not satisfied: residual eligible expense is 235400 cents. Final claims are absent or assert unsupported disposition, credit, revision execution, or deadline."
original-sealed_test-learn-fb2110060e7810c1,original,sealed_test,learn-fb2110060e7810c1,failure,0,3824,8.466,,,learning/dealroom-llama-learning-v2/original-sealed_test-learn-fb2110060e7810c1/2026-09-28T22-16-14-00-00_learning-dealroom_5uVwksaiwGE6EoTUbMUEEY.eval,"No acceptable authorized disposition was recorded. Disposition is missing or relevant historical authority is invalid. No valid disposition confirms the effective credit of 952800 cents; informal agreement is insufficient. The disposition is absent or was not completed within the effective deadline. Buyer constraint is not satisfied: residual eligible expense is 385700 cents. Final claims are absent or assert unsupported disposition, credit, revision execution, or deadline."
original-sealed_test-learn-d5fdfa2dbcf7e464,original,sealed_test,learn-d5fdfa2dbcf7e464,failure,0,10326,14.836,,,learning/dealroom-llama-learning-v2/original-sealed_test-learn-d5fdfa2dbcf7e464/2026-09-28T22-16-22-00-00_learning-dealroom_kiEXkv5frQBgGxLYGqANfW.eval,"No acceptable authorized disposition was recorded. Disposition is missing or relevant historical authority is invalid. No valid disposition confirms the effective credit of 1656300 cents; informal agreement is insufficient. The disposition is absent or was not completed within the effective deadline. Buyer constraint is not satisfied: residual eligible expense is 343900 cents. Final claims are absent or assert unsupported disposition, credit, revision execution, or deadline."
original-sealed_test-learn-bd27cffccc9d5843,original,sealed_test,learn-bd27cffccc9d5843,failure,0,3523,3.466,,,learning/dealroom-llama-learning-v2/original-sealed_test-learn-bd27cffccc9d5843/2026-09-28T22-16-37-00-00_learning-dealroom_JjVNrtARnRP5frESysfA3n.eval,"No acceptable authorized disposition was recorded. Disposition is missing or relevant historical authority is invalid. No valid disposition confirms the effective credit of 626200 cents; informal agreement is insufficient. The disposition is absent or was not completed within the effective deadline. Buyer constraint is not satisfied: residual eligible expense is 267200 cents. Final claims are absent or assert unsupported disposition, credit, revision execution, or deadline."
original-sealed_test-learn-143e57ff26b9fd9a,original,sealed_test,learn-143e57ff26b9fd9a,failure,0,3554,3.586,,,learning/dealroom-llama-learning-v2/original-sealed_test-learn-143e57ff26b9fd9a/2026-09-28T22-16-41-00-00_learning-dealroom_daQADsFU8N6UXh6b87gXeF.eval,"No acceptable authorized disposition was recorded. Disposition is missing or relevant historical authority is invalid. No valid disposition confirms the effective credit of 298600 cents; informal agreement is insufficient. The disposition is absent or was not completed within the effective deadline. Buyer constraint is not satisfied: residual eligible expense is 343600 cents. Final claims are absent or assert unsupported disposition, credit, revision execution, or deadline."
original-sealed_test-learn-ba5a134983976aec,original,sealed_test,learn-ba5a134983976aec,failure,0,3525,3.49,,,learning/dealroom-llama-learning-v2/original-sealed_test-learn-ba5a134983976aec/2026-09-28T22-16-44-00-00_learning-dealroom_KJKoh5bwoGaJrpahuCBur8.eval,"No acceptable authorized disposition was recorded. Disposition is missing or relevant historical authority is invalid. No valid disposition confirms the effective credit of 1122200 cents; informal agreement is insufficient. The disposition is absent or was not completed within the effective deadline. Buyer constraint is not satisfied: residual eligible expense is 274700 cents. Final claims are absent or assert unsupported disposition, credit, revision execution, or deadline."
original-sealed_test-learn-a06c84c93ca4b18d,original,sealed_test,learn-a06c84c93ca4b18d,failure,0,10320,14.633,,,learning/dealroom-llama-learning-v2/original-sealed_test-learn-a06c84c93ca4b18d/2026-09-28T22-16-48-00-00_learning-dealroom_Ewjwbz5K2HrvZBgzyrXxrs.eval,"No acceptable authorized disposition was recorded. Disposition is missing or relevant historical authority is invalid. No valid disposition confirms the effective credit of 1158500 cents; informal agreement is insufficient. The disposition is absent or was not completed within the effective deadline. Buyer constraint is not satisfied: residual eligible expense is 420100 cents. Final claims are absent or assert unsupported disposition, credit, revision execution, or deadline."
original-sealed_test-learn-a75dc4017d3f4732,original,sealed_test,learn-a75dc4017d3f4732,failure,0,3555,3.519,,,learning/dealroom-llama-learning-v2/original-sealed_test-learn-a75dc4017d3f4732/2026-09-28T22-17-03-00-00_learning-dealroom_TZtidTVwEX8dtqUkGJTXsg.eval,"No acceptable authorized disposition was recorded. Disposition is missing or relevant historical authority is invalid. No valid disposition confirms the effective credit of 1715800 cents; informal agreement is insufficient. The disposition is absent or was not completed within the effective deadline. Buyer constraint is not satisfied: residual eligible expense is 210000 cents. Final claims are absent or assert unsupported disposition, credit, revision execution, or deadline."
original-sealed_test-learn-0803ea0f49eae9a8,original,sealed_test,learn-0803ea0f49eae9a8,failure,0,3533,3.512,,,learning/dealroom-llama-learning-v2/original-sealed_test-learn-0803ea0f49eae9a8/2026-09-28T22-17-06-00-00_learning-dealroom_GPEYoctYAnbFizmqgfUpcQ.eval,"No acceptable authorized disposition was recorded. Disposition is missing or relevant historical authority is invalid. No valid disposition confirms the effective credit of 1148100 cents; informal agreement is insufficient. The disposition is absent or was not completed within the effective deadline. Buyer constraint is not satisfied: residual eligible expense is 290500 cents. Final claims are absent or assert unsupported disposition, credit, revision execution, or deadline."
original-sealed_test-learn-a8dd19835c7e4038,original,sealed_test,learn-a8dd19835c7e4038,failure,0,3526,3.526,,,learning/dealroom-llama-learning-v2/original-sealed_test-learn-a8dd19835c7e4038/2026-09-28T22-17-10-00-00_learning-dealroom_GShu8YyYZ9mJ2uziLyjhx7.eval,"No acceptable authorized disposition was recorded. Disposition is missing or relevant historical authority is invalid. No valid disposition confirms the effective credit of 951800 cents; informal agreement is insufficient. The disposition is absent or was not completed within the effective deadline. Buyer constraint is not satisfied: residual eligible expense is 384500 cents. Final claims are absent or assert unsupported disposition, credit, revision execution, or deadline."
original-sealed_test-learn-fd78c5ab066c6a60,original,sealed_test,learn-fd78c5ab066c6a60,failure,0,3552,3.569,,,learning/dealroom-llama-learning-v2/original-sealed_test-learn-fd78c5ab066c6a60/2026-09-28T22-17-14-00-00_learning-dealroom_VBkvMdHRsxDTQ5xdj48Juu.eval,"No acceptable authorized disposition was recorded. Disposition is missing or relevant historical authority is invalid. No valid disposition confirms the effective credit of 1155700 cents; informal agreement is insufficient. The disposition is absent or was not completed within the effective deadline. Buyer constraint is not satisfied: residual eligible expense is 260300 cents. Final claims are absent or assert unsupported disposition, credit, revision execution, or deadline."
original-sealed_test-learn-9af9aa6e7c7549b7,original,sealed_test,learn-9af9aa6e7c7549b7,failure,0,3530,3.531,,,learning/dealroom-llama-learning-v2/original-sealed_test-learn-9af9aa6e7c7549b7/2026-09-28T22-17-17-00-00_learning-dealroom_NYuVjKh9qvnzoYMcNryv8W.eval,"No acceptable authorized disposition was recorded. Disposition is missing or relevant historical authority is invalid. No valid disposition confirms the effective credit of 1994200 cents; informal agreement is insufficient. The disposition is absent or was not completed within the effective deadline. Buyer constraint is not satisfied: residual eligible expense is 242200 cents. Final claims are absent or assert unsupported disposition, credit, revision execution, or deadline."
original-sealed_test-learn-42ad9ecf984b139a,original,sealed_test,learn-42ad9ecf984b139a,failure,0,3531,3.498,,,learning/dealroom-llama-learning-v2/original-sealed_test-learn-42ad9ecf984b139a/2026-09-28T22-17-21-00-00_learning-dealroom_eSR5oRtNFkuDc76axeL2PC.eval,"No acceptable authorized disposition was recorded. Disposition is missing or relevant historical authority is invalid. No valid disposition confirms the effective credit of 1946400 cents; informal agreement is insufficient. The disposition is absent or was not completed within the effective deadline. Buyer constraint is not satisfied: residual eligible expense is 236400 cents. Final claims are absent or assert unsupported disposition, credit, revision execution, or deadline."
original-sealed_test-learn-3b313b5caeced5bd,original,sealed_test,learn-3b313b5caeced5bd,failure,0,3555,3.593,,,learning/dealroom-llama-learning-v2/original-sealed_test-learn-3b313b5caeced5bd/2026-09-28T22-17-24-00-00_learning-dealroom_CDL9YygZbu9f5USjsRA7Zz.eval,"No acceptable authorized disposition was recorded. Disposition is missing or relevant historical authority is invalid. No valid disposition confirms the effective credit of 1716500 cents; informal agreement is insufficient. The disposition is absent or was not completed within the effective deadline. Buyer constraint is not satisfied: residual eligible expense is 356300 cents. Final claims are absent or assert unsupported disposition, credit, revision execution, or deadline."
original-sealed_test-learn-7a3398f91809f966,original,sealed_test,learn-7a3398f91809f966,failure,0,10320,14.679,,,learning/dealroom-llama-learning-v2/original-sealed_test-learn-7a3398f91809f966/2026-09-28T22-17-28-00-00_learning-dealroom_oPsZxXJAPwLguhpRcaJhhx.eval,"No acceptable authorized disposition was recorded. Disposition is missing or relevant historical authority is invalid. No valid disposition confirms the effective credit of 1901400 cents; informal agreement is insufficient. The disposition is absent or was not completed within the effective deadline. Buyer constraint is not satisfied: residual eligible expense is 412200 cents. Final claims are absent or assert unsupported disposition, credit, revision execution, or deadline."
original-sealed_test-learn-71222d0c1c58d585,original,sealed_test,learn-71222d0c1c58d585,failure,0,3532,3.437,,,learning/dealroom-llama-learning-v2/original-sealed_test-learn-71222d0c1c58d585/2026-09-28T22-17-43-00-00_learning-dealroom_P5JtFQqEuUWTpsEYJW4w4d.eval,"No acceptable authorized disposition was recorded. Disposition is missing or relevant historical authority is invalid. No valid disposition confirms the effective credit of 1336400 cents; informal agreement is insufficient. The disposition is absent or was not completed within the effective deadline. Buyer constraint is not satisfied: residual eligible expense is 242500 cents. Final claims are absent or assert unsupported disposition, credit, revision execution, or deadline."
original-sealed_test-learn-43de8100a27297c9,original,sealed_test,learn-43de8100a27297c9,failure,0,43827,16.765,,,learning/dealroom-llama-learning-v2/original-sealed_test-learn-43de8100a27297c9/2026-09-28T22-17-46-00-00_learning-dealroom_Evqj8JLXGmgWMgAbF6HFkx.eval,"No acceptable authorized disposition was recorded. Disposition is missing or relevant historical authority is invalid. No valid disposition confirms the effective credit of 0 cents; informal agreement is insufficient. The disposition is absent or was not completed within the effective deadline. Buyer constraint is not satisfied: residual eligible expense is 1592200 cents. Final claims are absent or assert unsupported disposition, credit, revision execution, or deadline."
original-sealed_test-learn-794ed1e998ea97a9,original,sealed_test,learn-794ed1e998ea97a9,failure,0,55365,24.904,,,learning/dealroom-llama-learning-v2/original-sealed_test-learn-794ed1e998ea97a9/2026-09-28T22-18-03-00-00_learning-dealroom_Hhu5e7CKdTHeZDVD8xYqp8.eval,"No acceptable authorized disposition was recorded. Disposition is missing or relevant historical authority is invalid. revision-001 does not exist No valid disposition confirms the effective credit of 0 cents; informal agreement is insufficient. The disposition is absent or was not completed within the effective deadline. Buyer constraint cannot yet be verified: no specialist quote is public. Final claims are absent or assert unsupported disposition, credit, revision execution, or deadline."
original-sealed_test-learn-69a8ded02ec80120,original,sealed_test,learn-69a8ded02ec80120,failure,0,98348,29.871,,,learning/dealroom-llama-learning-v2/original-sealed_test-learn-69a8ded02ec80120/2026-09-28T22-18-28-00-00_learning-dealroom_eXr6h2HqwWXTVSZUzpeR6p.eval,"No acceptable authorized disposition was recorded. Disposition is missing or relevant historical authority is invalid. No valid disposition confirms the effective credit of 0 cents; informal agreement is insufficient. The disposition is absent or was not completed within the effective deadline. Buyer constraint is not satisfied: residual eligible expense is 1660500 cents. Final claims are absent or assert unsupported disposition, credit, revision execution, or deadline."
original-sealed_test-learn-f70fb76876a672a6,original,sealed_test,learn-f70fb76876a672a6,failure,0,43899,16.758,,,learning/dealroom-llama-learning-v2/original-sealed_test-learn-f70fb76876a672a6/2026-09-28T22-18-58-00-00_learning-dealroom_MMLSi7mx7kGGJYxSfrdzR4.eval,"No acceptable authorized disposition was recorded. Disposition is missing or relevant historical authority is invalid. No valid disposition confirms the effective credit of 0 cents; informal agreement is insufficient. The disposition is absent or was not completed within the effective deadline. Buyer constraint is not satisfied: residual eligible expense is 2174300 cents. Final claims are absent or assert unsupported disposition, credit, revision execution, or deadline."
original-sealed_test-learn-a06227fd950f4f0a,original,sealed_test,learn-a06227fd950f4f0a,failure,0,17937,9.168,,,learning/dealroom-llama-learning-v2/original-sealed_test-learn-a06227fd950f4f0a/2026-09-28T22-19-15-00-00_learning-dealroom_V8rE7EH4hDNcqkmDdt2aD7.eval,"No acceptable authorized disposition was recorded. Disposition is missing or relevant historical authority is invalid. No valid disposition confirms the effective credit of 0 cents; informal agreement is insufficient. The disposition is absent or was not completed within the effective deadline. Buyer constraint is not satisfied: residual eligible expense is 1952000 cents. Final claims are absent or assert unsupported disposition, credit, revision execution, or deadline."
original-sealed_test-learn-dbc7843f42793fee,original,sealed_test,learn-dbc7843f42793fee,failure,0,29707,13.621,,,learning/dealroom-llama-learning-v2/original-sealed_test-learn-dbc7843f42793fee/2026-09-28T22-19-24-00-00_learning-dealroom_V9uZVE6tN6hjyNkPFY8Ufh.eval,No acceptable authorized disposition was recorded. Disposition is missing or relevant historical authority is invalid. No valid disposition confirms the effective credit of 0 cents; informal agreement is insufficient. The disposition is absent or was not completed within the effective deadline. Buyer constraint cannot yet be verified: no specialist quote is public.
original-sealed_test-learn-7c1cb9621b78b78a,original,sealed_test,learn-7c1cb9621b78b78a,failure,0,88383,28.891,,,learning/dealroom-llama-learning-v2/original-sealed_test-learn-7c1cb9621b78b78a/2026-09-28T22-19-38-00-00_learning-dealroom_RNnXuBt3nrJp7d7NZdN429.eval,No acceptable authorized disposition was recorded. Disposition is missing or relevant historical authority is invalid. No valid disposition confirms the effective credit of 0 cents; informal agreement is insufficient. The disposition is absent or was not completed within the effective deadline. Buyer constraint is not satisfied: residual eligible expense is 828100 cents.
original-sealed_test-learn-f24578b72a685efb,original,sealed_test,learn-f24578b72a685efb,failure,0,50094,21.679,,,learning/dealroom-llama-learning-v2/original-sealed_test-learn-f24578b72a685efb/2026-09-28T22-20-07-00-00_learning-dealroom_bv2U9ZqG4rJabkrnksiVvT.eval,No acceptable authorized disposition was recorded. Disposition is missing or relevant historical authority is invalid. No valid disposition confirms the effective credit of 0 cents; informal agreement is insufficient. The disposition is absent or was not completed within the effective deadline. Buyer constraint cannot yet be verified: no specialist quote is public.
original-sealed_test-learn-213b979d49bb8c01,original,sealed_test,learn-213b979d49bb8c01,failure,0,78343,25.784,,,learning/dealroom-llama-learning-v2/original-sealed_test-learn-213b979d49bb8c01/2026-09-28T22-20-29-00-00_learning-dealroom_F8nTPQRFStMJyFnj3PK6it.eval,"No acceptable authorized disposition was recorded. Disposition is missing or relevant historical authority is invalid. No valid disposition confirms the effective credit of 0 cents; informal agreement is insufficient. The disposition is absent or was not completed within the effective deadline. Buyer constraint is not satisfied: residual eligible expense is 1768000 cents. Final claims are absent or assert unsupported disposition, credit, revision execution, or deadline."
original-sealed_test-learn-47e2b369937b28d1,original,sealed_test,learn-47e2b369937b28d1,failure,0,43827,17.303,,,learning/dealroom-llama-learning-v2/original-sealed_test-learn-47e2b369937b28d1/2026-09-28T22-20-55-00-00_learning-dealroom_NXMcvhoCLWJrXr6kSZvwFA.eval,"No acceptable authorized disposition was recorded. Disposition is missing or relevant historical authority is invalid. No valid disposition confirms the effective credit of 0 cents; informal agreement is insufficient. The disposition is absent or was not completed within the effective deadline. Buyer constraint is not satisfied: residual eligible expense is 1116900 cents. Final claims are absent or assert unsupported disposition, credit, revision execution, or deadline."
original-sealed_test-learn-f727dcb12c6c04a5,original,sealed_test,learn-f727dcb12c6c04a5,failure,0,50930,19.585,,,learning/dealroom-llama-learning-v2/original-sealed_test-learn-f727dcb12c6c04a5/2026-09-28T22-21-12-00-00_learning-dealroom_gjVb4EpWUWhdh8tcRNBR7a.eval,"No acceptable authorized disposition was recorded. Disposition is missing or relevant historical authority is invalid. No valid disposition confirms the effective credit of 0 cents; informal agreement is insufficient. The disposition is absent or was not completed within the effective deadline. Buyer constraint is not satisfied: residual eligible expense is 1809800 cents. Final claims are absent or assert unsupported disposition, credit, revision execution, or deadline."
original-sealed_test-learn-21bd751fe991f428,original,sealed_test,learn-21bd751fe991f428,failure,0,78494,28.708,,,learning/dealroom-llama-learning-v2/original-sealed_test-learn-21bd751fe991f428/2026-09-28T22-21-32-00-00_learning-dealroom_DKS7pLwkkFRxo7bx8SM5Ps.eval,"No acceptable authorized disposition was recorded. Disposition is missing or relevant historical authority is invalid. revision-001 does not exist No valid disposition confirms the effective credit of 0 cents; informal agreement is insufficient. The disposition is absent or was not completed within the effective deadline. Buyer constraint cannot yet be verified: no specialist quote is public. Final claims are absent or assert unsupported disposition, credit, revision execution, or deadline."
original-sealed_test-learn-6b7ce7c88958a957,original,sealed_test,learn-6b7ce7c88958a957,failure,0,60152,22.061,,,learning/dealroom-llama-learning-v2/original-sealed_test-learn-6b7ce7c88958a957/2026-09-28T22-22-01-00-00_learning-dealroom_URXekKuydZSjnAhujGF7ue.eval,"No acceptable authorized disposition was recorded. Disposition is missing or relevant historical authority is invalid. No valid disposition confirms the effective credit of 0 cents; informal agreement is insufficient. The disposition is absent or was not completed within the effective deadline. Buyer constraint is not satisfied: residual eligible expense is 1867800 cents. Final claims are absent or assert unsupported disposition, credit, revision execution, or deadline."
original-sealed_test-learn-05e201114efb7906,original,sealed_test,learn-05e201114efb7906,failure,0,30210,13.827,,,learning/dealroom-llama-learning-v2/original-sealed_test-learn-05e201114efb7906/2026-09-28T22-22-23-00-00_learning-dealroom_FsbeCmqXiesbSzAHRJbTTe.eval,No acceptable authorized disposition was recorded. Disposition is missing or relevant historical authority is invalid. No valid disposition confirms the effective credit of 0 cents; informal agreement is insufficient. The disposition is absent or was not completed within the effective deadline. Buyer constraint cannot yet be verified: no specialist quote is public.
original-sealed_test-learn-b1af638e6c46ebbb,original,sealed_test,learn-b1af638e6c46ebbb,failure,0,29772,13.759,,,learning/dealroom-llama-learning-v2/original-sealed_test-learn-b1af638e6c46ebbb/2026-09-28T22-22-37-00-00_learning-dealroom_9L8rkrJQgtqr92SYhL6CBG.eval,No acceptable authorized disposition was recorded. Disposition is missing or relevant historical authority is invalid. No valid disposition confirms the effective credit of 0 cents; informal agreement is insufficient. The disposition is absent or was not completed within the effective deadline. Buyer constraint cannot yet be verified: no specialist quote is public.
original-sealed_test-learn-a7edd07fec1a5006,original,sealed_test,learn-a7edd07fec1a5006,failure,0,43801,17.325,,,learning/dealroom-llama-learning-v2/original-sealed_test-learn-a7edd07fec1a5006/2026-09-28T22-22-50-00-00_learning-dealroom_in7gBexyYFtHWKv6RUa34k.eval,"No acceptable authorized disposition was recorded. Disposition is missing or relevant historical authority is invalid. No valid disposition confirms the effective credit of 0 cents; informal agreement is insufficient. The disposition is absent or was not completed within the effective deadline. Buyer constraint is not satisfied: residual eligible expense is 1468500 cents. Final claims are absent or assert unsupported disposition, credit, revision execution, or deadline."
workflow-sealed_test-learn-6b9a43b578d5b5dc,workflow,sealed_test,learn-6b9a43b578d5b5dc,failure,0,26830,16.547,,,learning/dealroom-llama-learning-v2/workflow-sealed_test-learn-6b9a43b578d5b5dc/2026-09-28T22-23-10-00-00_learning-dealroom_dBBXPFBCRHzCZN8x7Bv4Qc.eval,"No acceptable authorized disposition was recorded. Disposition is missing or relevant historical authority is invalid. No valid disposition confirms the effective credit of 0 cents; informal agreement is insufficient. The disposition is absent or was not completed within the effective deadline. Buyer constraint is not satisfied: residual eligible expense is 678100 cents. Final claims are absent or assert unsupported disposition, credit, revision execution, or deadline."
workflow-sealed_test-learn-58df3052ffb6f8f4,workflow,sealed_test,learn-58df3052ffb6f8f4,failure,0,83048,33.259,,,learning/dealroom-llama-learning-v2/workflow-sealed_test-learn-58df3052ffb6f8f4/2026-09-28T22-23-27-00-00_learning-dealroom_7LZ6rRbH5chXyDTPSo5YEv.eval,No acceptable authorized disposition was recorded. Disposition is missing or relevant historical authority is invalid. No valid disposition confirms the effective credit of 0 cents; informal agreement is insufficient. The disposition is absent or was not completed within the effective deadline. Buyer constraint is not satisfied: residual eligible expense is 1259300 cents.
workflow-sealed_test-learn-7caf1c15059e531d,workflow,sealed_test,learn-7caf1c15059e531d,failure,0,26843,12.418,,,learning/dealroom-llama-learning-v2/workflow-sealed_test-learn-7caf1c15059e531d/2026-09-28T22-24-00-00-00_learning-dealroom_Vih2iQgeQGj7t32JCg5hmC.eval,"No acceptable authorized disposition was recorded. Disposition is missing or relevant historical authority is invalid. No valid disposition confirms the effective credit of 0 cents; informal agreement is insufficient. The disposition is absent or was not completed within the effective deadline. Buyer constraint is not satisfied: residual eligible expense is 2202900 cents. Final claims are absent or assert unsupported disposition, credit, revision execution, or deadline."
workflow-sealed_test-learn-f476108e43e2d3f7,workflow,sealed_test,learn-f476108e43e2d3f7,failure,0,45172,16.305,,,learning/dealroom-llama-learning-v2/workflow-sealed_test-learn-f476108e43e2d3f7/2026-09-28T22-24-13-00-00_learning-dealroom_kcP95ZbMHzMoivu5v4LAsQ.eval,No acceptable authorized disposition was recorded. Disposition is missing or relevant historical authority is invalid. No valid disposition confirms the effective credit of 0 cents; informal agreement is insufficient. The disposition is absent or was not completed within the effective deadline. Buyer constraint is not satisfied: residual eligible expense is 1392700 cents.
workflow-sealed_test-learn-2b1d9e1da834fc05,workflow,sealed_test,learn-2b1d9e1da834fc05,failure,0,48235,23.481,,,learning/dealroom-llama-learning-v2/workflow-sealed_test-learn-2b1d9e1da834fc05/2026-09-28T22-24-29-00-00_learning-dealroom_4LFiUj3Mmjsr2xS8U2RWDD.eval,No acceptable authorized disposition was recorded. Disposition is missing or relevant historical authority is invalid. No valid disposition confirms the effective credit of 0 cents; informal agreement is insufficient. The disposition is absent or was not completed within the effective deadline. Buyer constraint is not satisfied: residual eligible expense is 497500 cents.
workflow-sealed_test-learn-da0b3bc319624ef1,workflow,sealed_test,learn-da0b3bc319624ef1,failure,0,24736,13.031,,,learning/dealroom-llama-learning-v2/workflow-sealed_test-learn-da0b3bc319624ef1/2026-09-28T22-24-53-00-00_learning-dealroom_ThCL4q87QvJXkMMGtUnv8w.eval,"No acceptable authorized disposition was recorded. Disposition is missing or relevant historical authority is invalid. No valid disposition confirms the effective credit of 0 cents; informal agreement is insufficient. The disposition is absent or was not completed within the effective deadline. Buyer constraint is not satisfied: residual eligible expense is 2012300 cents. Final claims are absent or assert unsupported disposition, credit, revision execution, or deadline."
workflow-sealed_test-learn-ab3da525c958f156,workflow,sealed_test,learn-ab3da525c958f156,failure,0,85394,25.774,,,learning/dealroom-llama-learning-v2/workflow-sealed_test-learn-ab3da525c958f156/2026-09-28T22-25-06-00-00_learning-dealroom_5cqgdwHW3dxcpiExT5Qq4J.eval,No acceptable authorized disposition was recorded. Disposition is missing or relevant historical authority is invalid. No valid disposition confirms the effective credit of 0 cents; informal agreement is insufficient. The disposition is absent or was not completed within the effective deadline. Buyer constraint is not satisfied: residual eligible expense is 1974000 cents.
workflow-sealed_test-learn-cc864fa9f9ba206b,workflow,sealed_test,learn-cc864fa9f9ba206b,failure,0,39103,15.726,,,learning/dealroom-llama-learning-v2/workflow-sealed_test-learn-cc864fa9f9ba206b/2026-09-28T22-25-32-00-00_learning-dealroom_5zwpyXSdXnxrLe9L3sqRKH.eval,No acceptable authorized disposition was recorded. Disposition is missing or relevant historical authority is invalid. No valid disposition confirms the effective credit of 0 cents; informal agreement is insufficient. The disposition is absent or was not completed within the effective deadline. Buyer constraint is not satisfied: residual eligible expense is 1253000 cents.
workflow-sealed_test-learn-8241665df8272770,workflow,sealed_test,learn-8241665df8272770,failure,0,116205,35.604,,,learning/dealroom-llama-learning-v2/workflow-sealed_test-learn-8241665df8272770/2026-09-28T22-25-48-00-00_learning-dealroom_4idQpwyUMPHXNxW8hDzdd8.eval,No acceptable authorized disposition was recorded. Disposition is missing or relevant historical authority is invalid. No valid disposition confirms the effective credit of 0 cents; informal agreement is insufficient. The disposition is absent or was not completed within the effective deadline. Buyer constraint is not satisfied: residual eligible expense is 971600 cents.
workflow-sealed_test-learn-04fc1f4e721488a6,workflow,sealed_test,learn-04fc1f4e721488a6,failure,0,74995,26.859,,,learning/dealroom-llama-learning-v2/workflow-sealed_test-learn-04fc1f4e721488a6/2026-09-28T22-26-23-00-00_learning-dealroom_YFxQnt54c6S66w4timgRa5.eval,No acceptable authorized disposition was recorded. Disposition is missing or relevant historical authority is invalid. No valid disposition confirms the effective credit of 0 cents; informal agreement is insufficient. The disposition is absent or was not completed within the effective deadline. Buyer constraint is not satisfied: residual eligible expense is 2079600 cents.
workflow-sealed_test-learn-2c1e377ebadc5318,workflow,sealed_test,learn-2c1e377ebadc5318,failure,0,32364,15.371,,,learning/dealroom-llama-learning-v2/workflow-sealed_test-learn-2c1e377ebadc5318/2026-09-28T22-26-50-00-00_learning-dealroom_dzPNiaGQJBXg9mwXJsxKYw.eval,"No acceptable authorized disposition was recorded. Disposition is missing or relevant historical authority is invalid. No valid disposition confirms the effective credit of 0 cents; informal agreement is insufficient. The disposition is absent or was not completed within the effective deadline. Buyer constraint is not satisfied: residual eligible expense is 823900 cents. Final claims are absent or assert unsupported disposition, credit, revision execution, or deadline."
workflow-sealed_test-learn-db13903ea7a7f1d2,workflow,sealed_test,learn-db13903ea7a7f1d2,failure,0,26838,12.36,,,learning/dealroom-llama-learning-v2/workflow-sealed_test-learn-db13903ea7a7f1d2/2026-09-28T22-27-06-00-00_learning-dealroom_duXXLcD79FCTJra2RwFrER.eval,"No acceptable authorized disposition was recorded. Disposition is missing or relevant historical authority is invalid. No valid disposition confirms the effective credit of 0 cents; informal agreement is insufficient. The disposition is absent or was not completed within the effective deadline. Buyer constraint is not satisfied: residual eligible expense is 1090300 cents. Final claims are absent or assert unsupported disposition, credit, revision execution, or deadline."
workflow-sealed_test-learn-143965d6429185b2,workflow,sealed_test,learn-143965d6429185b2,failure,0,64794,65.947,,,learning/dealroom-llama-learning-v2/workflow-sealed_test-learn-143965d6429185b2/2026-09-28T22-27-18-00-00_learning-dealroom_kri5rffriscGzZERiYgjMr.eval,No acceptable authorized disposition was recorded. Disposition is missing or relevant historical authority is invalid. No valid disposition confirms the effective credit of 0 cents; informal agreement is insufficient. The disposition is absent or was not completed within the effective deadline. Buyer constraint is not satisfied: residual eligible expense is 2255700 cents.
workflow-sealed_test-learn-4d35cf154cd528d5,workflow,sealed_test,learn-4d35cf154cd528d5,failure,0,32388,15.401,,,learning/dealroom-llama-learning-v2/workflow-sealed_test-learn-4d35cf154cd528d5/2026-09-28T22-28-24-00-00_learning-dealroom_ZU3ShvrXLLYetFswUNuU7k.eval,"No acceptable authorized disposition was recorded. Disposition is missing or relevant historical authority is invalid. No valid disposition confirms the effective credit of 0 cents; informal agreement is insufficient. The disposition is absent or was not completed within the effective deadline. Buyer constraint is not satisfied: residual eligible expense is 1645900 cents. Final claims are absent or assert unsupported disposition, credit, revision execution, or deadline."
workflow-sealed_test-learn-e34d0d273f25f19a,workflow,sealed_test,learn-e34d0d273f25f19a,failure,0,45142,16.113,,,learning/dealroom-llama-learning-v2/workflow-sealed_test-learn-e34d0d273f25f19a/2026-09-28T22-28-40-00-00_learning-dealroom_AEUC8aqzumfAZaCnmJwY7J.eval,No acceptable authorized disposition was recorded. Disposition is missing or relevant historical authority is invalid. No valid disposition confirms the effective credit of 0 cents; informal agreement is insufficient. The disposition is absent or was not completed within the effective deadline. Buyer constraint is not satisfied: residual eligible expense is 1451500 cents.
workflow-sealed_test-learn-b1e0bb492a54e4e0,workflow,sealed_test,learn-b1e0bb492a54e4e0,failure,0,117764,34.403,,,learning/dealroom-llama-learning-v2/workflow-sealed_test-learn-b1e0bb492a54e4e0/2026-09-28T22-28-56-00-00_learning-dealroom_WZXZXFrf8TKq36t2shQitq.eval,No acceptable authorized disposition was recorded. Disposition is missing or relevant historical authority is invalid. No valid disposition confirms the effective credit of 0 cents; informal agreement is insufficient. The disposition is absent or was not completed within the effective deadline. Buyer constraint is not satisfied: residual eligible expense is 1001700 cents.
workflow-sealed_test-learn-5c98348ec56d3e9f,workflow,sealed_test,learn-5c98348ec56d3e9f,failure,0,224267,69.163,,,learning/dealroom-llama-learning-v2/workflow-sealed_test-learn-5c98348ec56d3e9f/2026-09-28T22-29-30-00-00_learning-dealroom_3Zm3WGEymRfrGdBE2775mf.eval,"No acceptable authorized disposition was recorded. Disposition is missing or relevant historical authority is invalid. revision-001 is unexecuted; missing signatures: seller No valid disposition confirms the effective credit of 0 cents; informal agreement is insufficient. The disposition is absent or was not completed within the effective deadline. Buyer constraint is not satisfied: residual eligible expense is 1958400 cents. Final claims are absent or assert unsupported disposition, credit, revision execution, or deadline."
workflow-sealed_test-learn-23e3e44c46d23929,workflow,sealed_test,learn-23e3e44c46d23929,failure,0,4295,10.885,,,learning/dealroom-llama-learning-v2/workflow-sealed_test-learn-23e3e44c46d23929/2026-09-28T22-30-40-00-00_learning-dealroom_etx9t4LVWP8mtn8WN3TNZa.eval,"No acceptable authorized disposition was recorded. Disposition is missing or relevant historical authority is invalid. revision-001 is unexecuted; missing signatures: seller No valid disposition confirms the effective credit of 0 cents; informal agreement is insufficient. The disposition is absent or was not completed within the effective deadline. Buyer constraint is not satisfied: residual eligible expense is 2401500 cents. Final claims are absent or assert unsupported disposition, credit, revision execution, or deadline."
workflow-sealed_test-learn-092bb6cd362c014f,workflow,sealed_test,learn-092bb6cd362c014f,failure,0,81984,32.503,,,learning/dealroom-llama-learning-v2/workflow-sealed_test-learn-092bb6cd362c014f/2026-09-28T22-30-51-00-00_learning-dealroom_Xga7AaFERabajgWXPxxFmF.eval,"No acceptable authorized disposition was recorded. Disposition is missing or relevant historical authority is invalid. revision-001 is unexecuted; missing signatures: seller No valid disposition confirms the effective credit of 0 cents; informal agreement is insufficient. The disposition is absent or was not completed within the effective deadline. Buyer constraint cannot yet be verified: no specialist quote is public. Final claims are absent or assert unsupported disposition, credit, revision execution, or deadline."
workflow-sealed_test-learn-c4d8abd4c66dfd2a,workflow,sealed_test,learn-c4d8abd4c66dfd2a,failure,0,404281,130.63,,,learning/dealroom-llama-learning-v2/workflow-sealed_test-learn-c4d8abd4c66dfd2a/2026-09-28T22-31-23-00-00_learning-dealroom_QRYZjq6jdDiL4dFW2XrXw8.eval,"No acceptable authorized disposition was recorded. Disposition is missing or relevant historical authority is invalid. No valid disposition confirms the effective credit of 1417500 cents; informal agreement is insufficient. The disposition is absent or was not completed within the effective deadline. Buyer constraint is not satisfied: residual eligible expense is 79100 cents. Final claims are absent or assert unsupported disposition, credit, revision execution, or deadline."
workflow-sealed_test-learn-466a81f797575a01,workflow,sealed_test,learn-466a81f797575a01,failure,0,4290,10.853,,,learning/dealroom-llama-learning-v2/workflow-sealed_test-learn-466a81f797575a01/2026-09-28T22-33-34-00-00_learning-dealroom_U96e5PNcxhkfbzGewouUaF.eval,"No acceptable authorized disposition was recorded. Disposition is missing or relevant historical authority is invalid. revision-001 is unexecuted; missing signatures: seller No valid disposition confirms the effective credit of 0 cents; informal agreement is insufficient. The disposition is absent or was not completed within the effective deadline. Buyer constraint is not satisfied: residual eligible expense is 2377600 cents. Final claims are absent or assert unsupported disposition, credit, revision execution, or deadline."
workflow-sealed_test-learn-40b623a871feae11,workflow,sealed_test,learn-40b623a871feae11,failure,0,43810,22.155,,,learning/dealroom-llama-learning-v2/workflow-sealed_test-learn-40b623a871feae11/2026-09-28T22-33-45-00-00_learning-dealroom_eWpk7AUJPGVuArXaPUR5sa.eval,"No acceptable authorized disposition was recorded. Disposition is missing or relevant historical authority is invalid. No valid disposition confirms the effective credit of 0 cents; informal agreement is insufficient. The disposition is absent or was not completed within the effective deadline. Buyer constraint cannot yet be verified: no specialist quote is public. Final claims are absent or assert unsupported disposition, credit, revision execution, or deadline."
workflow-sealed_test-learn-840ec298f6bad442,workflow,sealed_test,learn-840ec298f6bad442,failure,0,106769,39.927,,,learning/dealroom-llama-learning-v2/workflow-sealed_test-learn-840ec298f6bad442/2026-09-28T22-34-07-00-00_learning-dealroom_KoGkuNdefiWu69L42woQGc.eval,"No acceptable authorized disposition was recorded. Disposition is missing or relevant historical authority is invalid. revision-001 is unexecuted; missing signatures: seller No valid disposition confirms the effective credit of 0 cents; informal agreement is insufficient. The disposition is absent or was not completed within the effective deadline. Buyer constraint is not satisfied: residual eligible expense is 2383000 cents. Final claims are absent or assert unsupported disposition, credit, revision execution, or deadline."
workflow-sealed_test-learn-2ec9b3f5da6a64e9,workflow,sealed_test,learn-2ec9b3f5da6a64e9,failure,0,4286,10.852,,,learning/dealroom-llama-learning-v2/workflow-sealed_test-learn-2ec9b3f5da6a64e9/2026-09-28T22-34-47-00-00_learning-dealroom_W3dWJbrj5eb4Tyu4GzS9z7.eval,"No acceptable authorized disposition was recorded. Disposition is missing or relevant historical authority is invalid. revision-001 is unexecuted; missing signatures: seller No valid disposition confirms the effective credit of 0 cents; informal agreement is insufficient. The disposition is absent or was not completed within the effective deadline. Buyer constraint is not satisfied: residual eligible expense is 840000 cents. Final claims are absent or assert unsupported disposition, credit, revision execution, or deadline."
workflow-sealed_test-learn-69c233e33a1d2cf4,workflow,sealed_test,learn-69c233e33a1d2cf4,failure,0,73473,78.68,,,learning/dealroom-llama-learning-v2/workflow-sealed_test-learn-69c233e33a1d2cf4/2026-09-28T22-34-58-00-00_learning-dealroom_oAS4VPmVjxEdKe2BwECGW8.eval,"No acceptable authorized disposition was recorded. Disposition is missing or relevant historical authority is invalid. No valid disposition confirms the effective credit of 698400 cents; informal agreement is insufficient. The disposition is absent or was not completed within the effective deadline. Buyer constraint cannot yet be verified: no specialist quote is public. Final claims are absent or assert unsupported disposition, credit, revision execution, or deadline."
workflow-sealed_test-learn-71a4b78b9fa20470,workflow,sealed_test,learn-71a4b78b9fa20470,failure,0,4282,10.74,,,learning/dealroom-llama-learning-v2/workflow-sealed_test-learn-71a4b78b9fa20470/2026-09-28T22-36-17-00-00_learning-dealroom_4EtrSBVRowSGfpFuP3vkdh.eval,"No acceptable authorized disposition was recorded. Disposition is missing or relevant historical authority is invalid. revision-001 is unexecuted; missing signatures: seller No valid disposition confirms the effective credit of 0 cents; informal agreement is insufficient. The disposition is absent or was not completed within the effective deadline. Buyer constraint cannot yet be verified: no specialist quote is public. Final claims are absent or assert unsupported disposition, credit, revision execution, or deadline."
workflow-sealed_test-learn-75beb3c7935f5a5c,workflow,sealed_test,learn-75beb3c7935f5a5c,failure,0,1270688,379.853,,,learning/dealroom-llama-learning-v2/workflow-sealed_test-learn-75beb3c7935f5a5c/2026-09-28T22-36-28-00-00_learning-dealroom_KLkNbyNXH9M7jK96LLNSYU.eval,"No acceptable authorized disposition was recorded. Disposition is missing or relevant historical authority is invalid. No valid disposition confirms the effective credit of 0 cents; informal agreement is insufficient. The disposition is absent or was not completed within the effective deadline. Buyer constraint cannot yet be verified: no specialist quote is public. Final claims are absent or assert unsupported disposition, credit, revision execution, or deadline."
workflow-sealed_test-learn-e613ecba41c77137,workflow,sealed_test,learn-e613ecba41c77137,failure,0,58519,32.936,,,learning/dealroom-llama-learning-v2/workflow-sealed_test-learn-e613ecba41c77137/2026-09-28T22-42-48-00-00_learning-dealroom_Qg9h7XJrX8cxzjf4YKrHXh.eval,"No acceptable authorized disposition was recorded. Disposition is missing or relevant historical authority is invalid. No valid disposition confirms the effective credit of 0 cents; informal agreement is insufficient. The disposition is absent or was not completed within the effective deadline. Buyer constraint cannot yet be verified: no specialist quote is public. Final claims are absent or assert unsupported disposition, credit, revision execution, or deadline."
workflow-sealed_test-learn-fb22741002c4c2c9,workflow,sealed_test,learn-fb22741002c4c2c9,failure,0,4254,10.928,,,learning/dealroom-llama-learning-v2/workflow-sealed_test-learn-fb22741002c4c2c9/2026-09-28T22-43-21-00-00_learning-dealroom_aMCZjsK9kSgEysTaXUhrcZ.eval,"No acceptable authorized disposition was recorded. Disposition is missing or relevant historical authority is invalid. revision-001 is unexecuted; missing signatures: seller No valid disposition confirms the effective credit of 0 cents; informal agreement is insufficient. The disposition is absent or was not completed within the effective deadline. Buyer constraint is not satisfied: residual eligible expense is 542400 cents. Final claims are absent or assert unsupported disposition, credit, revision execution, or deadline."
workflow-sealed_test-learn-16268d5ea2f59814,workflow,sealed_test,learn-16268d5ea2f59814,failure,0,76814,32.132,,,learning/dealroom-llama-learning-v2/workflow-sealed_test-learn-16268d5ea2f59814/2026-09-28T22-43-32-00-00_learning-dealroom_aPy73Qb8rM5bQ6SR2tw6y7.eval,"No acceptable authorized disposition was recorded. Disposition is missing or relevant historical authority is invalid. No valid disposition confirms the effective credit of 2223800 cents; informal agreement is insufficient. The disposition is absent or was not completed within the effective deadline. Buyer constraint cannot yet be verified: no specialist quote is public. Final claims are absent or assert unsupported disposition, credit, revision execution, or deadline."
workflow-sealed_test-learn-58bba0aec2f03519,workflow,sealed_test,learn-58bba0aec2f03519,failure,0,4185,9.46,,,learning/dealroom-llama-learning-v2/workflow-sealed_test-learn-58bba0aec2f03519/2026-09-28T22-44-04-00-00_learning-dealroom_SQoAiGLt2j5767sYdg4WMX.eval,"No acceptable authorized disposition was recorded. Disposition is missing or relevant historical authority is invalid. revision-001 is unexecuted; missing signatures: seller No valid disposition confirms the effective credit of 0 cents; informal agreement is insufficient. The disposition is absent or was not completed within the effective deadline. Buyer constraint cannot yet be verified: no specialist quote is public. Final claims are absent or assert unsupported disposition, credit, revision execution, or deadline."
workflow-sealed_test-learn-5004ebd50a7aa5f1,workflow,sealed_test,learn-5004ebd50a7aa5f1,failure,0,34583,30.396,,,learning/dealroom-llama-learning-v2/workflow-sealed_test-learn-5004ebd50a7aa5f1/2026-09-28T22-44-14-00-00_learning-dealroom_b99NrDpTeCqSDuoJVSjQUi.eval,"No acceptable authorized disposition was recorded. Disposition is missing or relevant historical authority is invalid. No valid disposition confirms the effective credit of 0 cents; informal agreement is insufficient. The disposition is absent or was not completed within the effective deadline. Buyer constraint cannot yet be verified: no specialist quote is public. Final claims are absent or assert unsupported disposition, credit, revision execution, or deadline."
workflow-sealed_test-learn-67bdb2c2a011bf48,workflow,sealed_test,learn-67bdb2c2a011bf48,error,,3963,10.439,,,learning/dealroom-llama-learning-v2/workflow-sealed_test-learn-67bdb2c2a011bf48/2026-09-28T22-44-44-00-00_learning-dealroom_W45Cvb3JbHp9NC4P7MM4U7.eval,RetryError(<Future at 0x13864dca0 state=finished raised APIConnectionError>)
workflow-sealed_test-learn-fb2110060e7810c1,workflow,sealed_test,learn-fb2110060e7810c1,failure,0,4304,10.604,,,learning/dealroom-llama-learning-v2/workflow-sealed_test-learn-fb2110060e7810c1/2026-09-28T22-44-55-00-00_learning-dealroom_5CtUL7msQgVitTeNnPfZe4.eval,"No acceptable authorized disposition was recorded. Disposition is missing or relevant historical authority is invalid. No valid disposition confirms the effective credit of 952800 cents; informal agreement is insufficient. The disposition is absent or was not completed within the effective deadline. Buyer constraint is not satisfied: residual eligible expense is 385700 cents. Final claims are absent or assert unsupported disposition, credit, revision execution, or deadline."
workflow-sealed_test-learn-d5fdfa2dbcf7e464,workflow,sealed_test,learn-d5fdfa2dbcf7e464,error,,,5.048,,,learning/dealroom-llama-learning-v2/workflow-sealed_test-learn-d5fdfa2dbcf7e464/2026-09-28T22-45-05-00-00_learning-dealroom_iPwmQGnt28GZczSEP4e9cF.eval,RetryError(<Future at 0x159b9e660 state=finished raised APIConnectionError>)
workflow-sealed_test-learn-bd27cffccc9d5843,workflow,sealed_test,learn-bd27cffccc9d5843,error,,,3.457,,,learning/dealroom-llama-learning-v2/workflow-sealed_test-learn-bd27cffccc9d5843/2026-09-28T22-45-11-00-00_learning-dealroom_SygQU2DQLYHCVEKVfgVpBw.eval,RetryError(<Future at 0x1380fc680 state=finished raised APIConnectionError>)
workflow-sealed_test-learn-143e57ff26b9fd9a,workflow,sealed_test,learn-143e57ff26b9fd9a,error,,,3.329,,,learning/dealroom-llama-learning-v2/workflow-sealed_test-learn-143e57ff26b9fd9a/2026-09-28T22-45-14-00-00_learning-dealroom_YiNqPiwFucBPQ5Gd2n2FQN.eval,RetryError(<Future at 0x14ed03b30 state=finished raised APIConnectionError>)
workflow-sealed_test-learn-ba5a134983976aec,workflow,sealed_test,learn-ba5a134983976aec,error,,,3.458,,,learning/dealroom-llama-learning-v2/workflow-sealed_test-learn-ba5a134983976aec/2026-09-28T22-45-18-00-00_learning-dealroom_FPUmAQx5L9skrEkSe3QekT.eval,RetryError(<Future at 0x12985a540 state=finished raised APIConnectionError>)
workflow-sealed_test-learn-a06c84c93ca4b18d,workflow,sealed_test,learn-a06c84c93ca4b18d,error,,,3.331,,,learning/dealroom-llama-learning-v2/workflow-sealed_test-learn-a06c84c93ca4b18d/2026-09-28T22-45-21-00-00_learning-dealroom_58VeNAuQzDRECyHDmVoZEQ.eval,RetryError(<Future at 0x14cd3d4c0 state=finished raised APIConnectionError>)
workflow-sealed_test-learn-a75dc4017d3f4732,workflow,sealed_test,learn-a75dc4017d3f4732,error,,,3.436,,,learning/dealroom-llama-learning-v2/workflow-sealed_test-learn-a75dc4017d3f4732/2026-09-28T22-45-24-00-00_learning-dealroom_HSMjnzWesycNWWp8GHRyor.eval,RetryError(<Future at 0x14ccee000 state=finished raised APIConnectionError>)
workflow-sealed_test-learn-0803ea0f49eae9a8,workflow,sealed_test,learn-0803ea0f49eae9a8,error,,,3.389,,,learning/dealroom-llama-learning-v2/workflow-sealed_test-learn-0803ea0f49eae9a8/2026-09-28T22-45-28-00-00_learning-dealroom_cRM9FgsEdb9FQJTSeJmYb9.eval,RetryError(<Future at 0x14f9b2fc0 state=finished raised APIConnectionError>)
workflow-sealed_test-learn-a8dd19835c7e4038,workflow,sealed_test,learn-a8dd19835c7e4038,error,,,3.365,,,learning/dealroom-llama-learning-v2/workflow-sealed_test-learn-a8dd19835c7e4038/2026-09-28T22-45-31-00-00_learning-dealroom_7KXRe45Hmq4x6r2FYduAnH.eval,RetryError(<Future at 0x14fb59b50 state=finished raised APIConnectionError>)
workflow-sealed_test-learn-fd78c5ab066c6a60,workflow,sealed_test,learn-fd78c5ab066c6a60,failure,0,31207,15.787,,,learning/dealroom-llama-learning-v2/workflow-sealed_test-learn-fd78c5ab066c6a60/2026-09-28T22-45-35-00-00_learning-dealroom_LrF5Jo76CjWXBNPE2p7ttD.eval,"No acceptable authorized disposition was recorded. Disposition is missing or relevant historical authority is invalid. No valid disposition confirms the effective credit of 1155700 cents; informal agreement is insufficient. The disposition is absent or was not completed within the effective deadline. Buyer constraint is not satisfied: residual eligible expense is 260300 cents. Final claims are absent or assert unsupported disposition, credit, revision execution, or deadline."
workflow-sealed_test-learn-9af9aa6e7c7549b7,workflow,sealed_test,learn-9af9aa6e7c7549b7,failure,0,4314,10.09,,,learning/dealroom-llama-learning-v2/workflow-sealed_test-learn-9af9aa6e7c7549b7/2026-09-28T22-45-51-00-00_learning-dealroom_Th86edLA4uiFLoeMWDFrCM.eval,"No acceptable authorized disposition was recorded. Disposition is missing or relevant historical authority is invalid. No valid disposition confirms the effective credit of 1994200 cents; informal agreement is insufficient. The disposition is absent or was not completed within the effective deadline. Buyer constraint is not satisfied: residual eligible expense is 242200 cents. Final claims are absent or assert unsupported disposition, credit, revision execution, or deadline."
workflow-sealed_test-learn-42ad9ecf984b139a,workflow,sealed_test,learn-42ad9ecf984b139a,failure,0,4315,10.428,,,learning/dealroom-llama-learning-v2/workflow-sealed_test-learn-42ad9ecf984b139a/2026-09-28T22-46-01-00-00_learning-dealroom_FTaQiB9zBeCr3jVkfxVF3D.eval,"No acceptable authorized disposition was recorded. Disposition is missing or relevant historical authority is invalid. No valid disposition confirms the effective credit of 1946400 cents; informal agreement is insufficient. The disposition is absent or was not completed within the effective deadline. Buyer constraint is not satisfied: residual eligible expense is 236400 cents. Final claims are absent or assert unsupported disposition, credit, revision execution, or deadline."
workflow-sealed_test-learn-3b313b5caeced5bd,workflow,sealed_test,learn-3b313b5caeced5bd,failure,0,31232,16.302,,,learning/dealroom-llama-learning-v2/workflow-sealed_test-learn-3b313b5caeced5bd/2026-09-28T22-46-11-00-00_learning-dealroom_oWYJitoCzXGEWVoFjrW5Bi.eval,No acceptable authorized disposition was recorded. Disposition is missing or relevant historical authority is invalid. No valid disposition confirms the effective credit of 1716500 cents; informal agreement is insufficient. The disposition is absent or was not completed within the effective deadline. Buyer constraint is not satisfied: residual eligible expense is 356300 cents.
workflow-sealed_test-learn-7a3398f91809f966,workflow,sealed_test,learn-7a3398f91809f966,failure,0,4259,9.335,,,learning/dealroom-llama-learning-v2/workflow-sealed_test-learn-7a3398f91809f966/2026-09-28T22-46-28-00-00_learning-dealroom_RJt9ryfogphrzPWXFCsFoH.eval,"No acceptable authorized disposition was recorded. Disposition is missing or relevant historical authority is invalid. No valid disposition confirms the effective credit of 1901400 cents; informal agreement is insufficient. The disposition is absent or was not completed within the effective deadline. Buyer constraint is not satisfied: residual eligible expense is 412200 cents. Final claims are absent or assert unsupported disposition, credit, revision execution, or deadline."
workflow-sealed_test-learn-71222d0c1c58d585,workflow,sealed_test,learn-71222d0c1c58d585,failure,0,30838,15.823,,,learning/dealroom-llama-learning-v2/workflow-sealed_test-learn-71222d0c1c58d585/2026-09-28T22-46-37-00-00_learning-dealroom_fVRcxZpmwjZuKWCyJr3ncd.eval,No acceptable authorized disposition was recorded. Disposition is missing or relevant historical authority is invalid. No valid disposition confirms the effective credit of 1336400 cents; informal agreement is insufficient. The disposition is absent or was not completed within the effective deadline. Buyer constraint is not satisfied: residual eligible expense is 242500 cents.
workflow-sealed_test-learn-43de8100a27297c9,workflow,sealed_test,learn-43de8100a27297c9,error,,3627,8.987,,,learning/dealroom-llama-learning-v2/workflow-sealed_test-learn-43de8100a27297c9/2026-09-28T22-46-53-00-00_learning-dealroom_7otpXFGXZSJLmrkHgnKRvq.eval,RetryError(<Future at 0x14ee7d1c0 state=finished raised APIConnectionError>)
workflow-sealed_test-learn-794ed1e998ea97a9,workflow,sealed_test,learn-794ed1e998ea97a9,error,,3650,5.811,,,learning/dealroom-llama-learning-v2/workflow-sealed_test-learn-794ed1e998ea97a9/2026-09-28T22-47-02-00-00_learning-dealroom_jnaQgku5QJmbZvPvf5DM6x.eval,RetryError(<Future at 0x1386fdf40 state=finished raised APIConnectionError>)
workflow-sealed_test-learn-69a8ded02ec80120,workflow,sealed_test,learn-69a8ded02ec80120,error,,,2.787,,,learning/dealroom-llama-learning-v2/workflow-sealed_test-learn-69a8ded02ec80120/2026-09-28T22-47-08-00-00_learning-dealroom_fDvuMmZZm5JyDhHHf6dcp7.eval,RetryError(<Future at 0x14cf7cbf0 state=finished raised APIConnectionError>)
workflow-sealed_test-learn-f70fb76876a672a6,workflow,sealed_test,learn-f70fb76876a672a6,error,,,3.462,,,learning/dealroom-llama-learning-v2/workflow-sealed_test-learn-f70fb76876a672a6/2026-09-28T22-47-11-00-00_learning-dealroom_hYz76wGpwK43fmSEAnyeD2.eval,RetryError(<Future at 0x159c41130 state=finished raised APIConnectionError>)
workflow-sealed_test-learn-a06227fd950f4f0a,workflow,sealed_test,learn-a06227fd950f4f0a,error,,,2.673,,,learning/dealroom-llama-learning-v2/workflow-sealed_test-learn-a06227fd950f4f0a/2026-09-28T22-47-15-00-00_learning-dealroom_XKXxCruRnZUFm2ajUgWMVi.eval,RetryError(<Future at 0x14ee7c380 state=finished raised APIConnectionError>)
workflow-sealed_test-learn-dbc7843f42793fee,workflow,sealed_test,learn-dbc7843f42793fee,error,,,2.661,,,learning/dealroom-llama-learning-v2/workflow-sealed_test-learn-dbc7843f42793fee/2026-09-28T22-47-17-00-00_learning-dealroom_GJ8TzgGqmc9F9vPfJ49peA.eval,RetryError(<Future at 0x14fcbf260 state=finished raised APIConnectionError>)
workflow-sealed_test-learn-7c1cb9621b78b78a,workflow,sealed_test,learn-7c1cb9621b78b78a,error,,,2.485,,,learning/dealroom-llama-learning-v2/workflow-sealed_test-learn-7c1cb9621b78b78a/2026-09-28T22-47-20-00-00_learning-dealroom_9jfhazpXmzyzroqXAoF38J.eval,RetryError(<Future at 0x14f9d1f10 state=finished raised APIConnectionError>)
workflow-sealed_test-learn-f24578b72a685efb,workflow,sealed_test,learn-f24578b72a685efb,error,,,2.957,,,learning/dealroom-llama-learning-v2/workflow-sealed_test-learn-f24578b72a685efb/2026-09-28T22-47-23-00-00_learning-dealroom_fwicbRMGS4X6gye7KQTRtV.eval,RetryError(<Future at 0x14e207050 state=finished raised APIConnectionError>)
workflow-sealed_test-learn-213b979d49bb8c01,workflow,sealed_test,learn-213b979d49bb8c01,error,,,2.944,,,learning/dealroom-llama-learning-v2/workflow-sealed_test-learn-213b979d49bb8c01/2026-09-28T22-47-26-00-00_learning-dealroom_kLVN6uPTq8Rp5pUhxvy43T.eval,RetryError(<Future at 0x14e97cbc0 state=finished raised APIConnectionError>)
workflow-sealed_test-learn-47e2b369937b28d1,workflow,sealed_test,learn-47e2b369937b28d1,error,,,3.048,,,learning/dealroom-llama-learning-v2/workflow-sealed_test-learn-47e2b369937b28d1/2026-09-28T22-47-29-00-00_learning-dealroom_nLEdGyp9kdQHYDAnYeq8uP.eval,RetryError(<Future at 0x1583fda60 state=finished raised APIConnectionError>)
workflow-sealed_test-learn-f727dcb12c6c04a5,workflow,sealed_test,learn-f727dcb12c6c04a5,error,,,3.168,,,learning/dealroom-llama-learning-v2/workflow-sealed_test-learn-f727dcb12c6c04a5/2026-09-28T22-47-32-00-00_learning-dealroom_oEV9JiZCt5o3HCWf2BGXaN.eval,RetryError(<Future at 0x14f9d0680 state=finished raised APIConnectionError>)
workflow-sealed_test-learn-21bd751fe991f428,workflow,sealed_test,learn-21bd751fe991f428,error,,,2.66,,,learning/dealroom-llama-learning-v2/workflow-sealed_test-learn-21bd751fe991f428/2026-09-28T22-47-35-00-00_learning-dealroom_Q2m3Hxa6aYbrC45CusYjnX.eval,RetryError(<Future at 0x14ed01be0 state=finished raised APIConnectionError>)
workflow-sealed_test-learn-6b7ce7c88958a957,workflow,sealed_test,learn-6b7ce7c88958a957,error,,,2.631,,,learning/dealroom-llama-learning-v2/workflow-sealed_test-learn-6b7ce7c88958a957/2026-09-28T22-47-38-00-00_learning-dealroom_TVhybs33xiq4HxKr6ToUes.eval,RetryError(<Future at 0x159de89b0 state=finished raised APIConnectionError>)
workflow-sealed_test-learn-05e201114efb7906,workflow,sealed_test,learn-05e201114efb7906,error,,,2.71,,,learning/dealroom-llama-learning-v2/workflow-sealed_test-learn-05e201114efb7906/2026-09-28T22-47-40-00-00_learning-dealroom_PJgRcuQNZ8imSedbdq48xk.eval,RetryError(<Future at 0x14e97cb90 state=finished raised APIConnectionError>)
workflow-sealed_test-learn-b1af638e6c46ebbb,workflow,sealed_test,learn-b1af638e6c46ebbb,error,,,2.603,,,learning/dealroom-llama-learning-v2/workflow-sealed_test-learn-b1af638e6c46ebbb/2026-09-28T22-47-43-00-00_learning-dealroom_EAXjWrtnSsa5C9e2N8jKfB.eval,RetryError(<Future at 0x14e06be60 state=finished raised APIConnectionError>)
workflow-sealed_test-learn-a7edd07fec1a5006,workflow,sealed_test,learn-a7edd07fec1a5006,error,,,2.534,,,learning/dealroom-llama-learning-v2/workflow-sealed_test-learn-a7edd07fec1a5006/2026-09-28T22-47-46-00-00_learning-dealroom_nLV2o6u6odxKXXuF8SWDTE.eval,RetryError(<Future at 0x14b467560 state=finished raised APIConnectionError>)
sft-sealed_test-learn-6b9a43b578d5b5dc,sft,sealed_test,learn-6b9a43b578d5b5dc,failure,0,88388,28.815,,,learning/dealroom-llama-learning-v2/sft-sealed_test-learn-6b9a43b578d5b5dc/2026-09-28T22-47-52-00-00_learning-dealroom_nmVpeeu5PojH6pU4vhR7ZP.eval,"No acceptable authorized disposition was recorded. Disposition is missing or relevant historical authority is invalid. revision-001 is unexecuted; missing signatures: seller No valid disposition confirms the effective credit of 0 cents; informal agreement is insufficient. The disposition is absent or was not completed within the effective deadline. Buyer constraint is not satisfied: residual eligible expense is 678100 cents. Final claims are absent or assert unsupported disposition, credit, revision execution, or deadline."
sft-sealed_test-learn-58df3052ffb6f8f4,sft,sealed_test,learn-58df3052ffb6f8f4,failure,0,105468,27.882,,,learning/dealroom-llama-learning-v2/sft-sealed_test-learn-58df3052ffb6f8f4/2026-09-28T22-48-21-00-00_learning-dealroom_79vSHTWdZu4RewHDSgvVWd.eval,"No acceptable authorized disposition was recorded. Disposition is missing or relevant historical authority is invalid. revision-001 is unexecuted; missing signatures: seller No valid disposition confirms the effective credit of 0 cents; informal agreement is insufficient. The disposition is absent or was not completed within the effective deadline. Buyer constraint is not satisfied: residual eligible expense is 1259300 cents. Final claims are absent or assert unsupported disposition, credit, revision execution, or deadline."
sft-sealed_test-learn-7caf1c15059e531d,sft,sealed_test,learn-7caf1c15059e531d,failure,0,24935,7.927,,,learning/dealroom-llama-learning-v2/sft-sealed_test-learn-7caf1c15059e531d/2026-09-28T22-48-49-00-00_learning-dealroom_oBHeEUPXu4R76QyWNnkaph.eval,"No acceptable authorized disposition was recorded. Disposition is missing or relevant historical authority is invalid. No valid disposition confirms the effective credit of 0 cents; informal agreement is insufficient. The disposition is absent or was not completed within the effective deadline. Buyer constraint is not satisfied: residual eligible expense is 2202900 cents. Final claims are absent or assert unsupported disposition, credit, revision execution, or deadline."
sft-sealed_test-learn-f476108e43e2d3f7,sft,sealed_test,learn-f476108e43e2d3f7,failure,0,36372,11.83,,,learning/dealroom-llama-learning-v2/sft-sealed_test-learn-f476108e43e2d3f7/2026-09-28T22-48-57-00-00_learning-dealroom_9QhCxvMnYUggL7X9m9iG59.eval,No acceptable authorized disposition was recorded. Disposition is missing or relevant historical authority is invalid. No valid disposition confirms the effective credit of 0 cents; informal agreement is insufficient. The disposition is absent or was not completed within the effective deadline. Buyer constraint is not satisfied: residual eligible expense is 1392700 cents.
sft-sealed_test-learn-2b1d9e1da834fc05,sft,sealed_test,learn-2b1d9e1da834fc05,failure,0,81930,21.612,,,learning/dealroom-llama-learning-v2/sft-sealed_test-learn-2b1d9e1da834fc05/2026-09-28T22-49-09-00-00_learning-dealroom_CnD9cUnRowqtJUegX4jeEC.eval,No acceptable authorized disposition was recorded. Disposition is missing or relevant historical authority is invalid. No valid disposition confirms the effective credit of 0 cents; informal agreement is insufficient. The disposition is absent or was not completed within the effective deadline. Buyer constraint is not satisfied: residual eligible expense is 497500 cents.
sft-sealed_test-learn-da0b3bc319624ef1,sft,sealed_test,learn-da0b3bc319624ef1,failure,0,68089,19.437,,,learning/dealroom-llama-learning-v2/sft-sealed_test-learn-da0b3bc319624ef1/2026-09-28T22-49-31-00-00_learning-dealroom_gVLrwLKrY9u2s9sKTHnRmF.eval,"No acceptable authorized disposition was recorded. Disposition is missing or relevant historical authority is invalid. No valid disposition confirms the effective credit of 0 cents; informal agreement is insufficient. The disposition is absent or was not completed within the effective deadline. Buyer constraint is not satisfied: residual eligible expense is 2012300 cents. Final claims are absent or assert unsupported disposition, credit, revision execution, or deadline."
sft-sealed_test-learn-ab3da525c958f156,sft,sealed_test,learn-ab3da525c958f156,failure,0,70618,22.019,,,learning/dealroom-llama-learning-v2/sft-sealed_test-learn-ab3da525c958f156/2026-09-28T22-49-50-00-00_learning-dealroom_arTLgYbXccfLzDfDBSe7cJ.eval,"No acceptable authorized disposition was recorded. Disposition is missing or relevant historical authority is invalid. revision-001 is unexecuted; missing signatures: buyer, seller No valid disposition confirms the effective credit of 0 cents; informal agreement is insufficient. The disposition is absent or was not completed within the effective deadline. Buyer constraint is not satisfied: residual eligible expense is 1974000 cents. Final claims are absent or assert unsupported disposition, credit, revision execution, or deadline."
sft-sealed_test-learn-cc864fa9f9ba206b,sft,sealed_test,learn-cc864fa9f9ba206b,failure,0,59266,17.145,,,learning/dealroom-llama-learning-v2/sft-sealed_test-learn-cc864fa9f9ba206b/2026-09-28T22-50-12-00-00_learning-dealroom_A48fGEEsMQkJGTVNczGBvm.eval,No acceptable authorized disposition was recorded. Disposition is missing or relevant historical authority is invalid. No valid disposition confirms the effective credit of 0 cents; informal agreement is insufficient. The disposition is absent or was not completed within the effective deadline. Buyer constraint is not satisfied: residual eligible expense is 1253000 cents.
sft-sealed_test-learn-8241665df8272770,sft,sealed_test,learn-8241665df8272770,failure,0,56298,18.077,,,learning/dealroom-llama-learning-v2/sft-sealed_test-learn-8241665df8272770/2026-09-28T22-50-30-00-00_learning-dealroom_S7EyanvLbctrdnFi3bz6ZW.eval,"No acceptable authorized disposition was recorded. Disposition is missing or relevant historical authority is invalid. No valid disposition confirms the effective credit of 0 cents; informal agreement is insufficient. The disposition is absent or was not completed within the effective deadline. Buyer constraint is not satisfied: residual eligible expense is 971600 cents. Final claims are absent or assert unsupported disposition, credit, revision execution, or deadline."
sft-sealed_test-learn-04fc1f4e721488a6,sft,sealed_test,learn-04fc1f4e721488a6,failure,0,69639,21.39,,,learning/dealroom-llama-learning-v2/sft-sealed_test-learn-04fc1f4e721488a6/2026-09-28T22-50-48-00-00_learning-dealroom_YPqiKb2tY4CKtZwimc3gFS.eval,"No acceptable authorized disposition was recorded. Disposition is missing or relevant historical authority is invalid. No valid disposition confirms the effective credit of 0 cents; informal agreement is insufficient. The disposition is absent or was not completed within the effective deadline. Buyer constraint is not satisfied: residual eligible expense is 2079600 cents. Final claims are absent or assert unsupported disposition, credit, revision execution, or deadline."
sft-sealed_test-learn-2c1e377ebadc5318,sft,sealed_test,learn-2c1e377ebadc5318,failure,0,170649,43.739,,,learning/dealroom-llama-learning-v2/sft-sealed_test-learn-2c1e377ebadc5318/2026-09-28T22-51-09-00-00_learning-dealroom_XtnhYZLq4JRWtGFW3WTGeQ.eval,"No acceptable authorized disposition was recorded. Disposition is missing or relevant historical authority is invalid. revision-001 is unexecuted; missing signatures: buyer, seller No valid disposition confirms the effective credit of 0 cents; informal agreement is insufficient. The disposition is absent or was not completed within the effective deadline. Buyer constraint is not satisfied: residual eligible expense is 823900 cents. Final claims are absent or assert unsupported disposition, credit, revision execution, or deadline."
sft-sealed_test-learn-db13903ea7a7f1d2,sft,sealed_test,learn-db13903ea7a7f1d2,failure,0,70067,22.144,,,learning/dealroom-llama-learning-v2/sft-sealed_test-learn-db13903ea7a7f1d2/2026-09-28T22-51-53-00-00_learning-dealroom_6K75PKYnmnuMvdmNNK9WsV.eval,No acceptable authorized disposition was recorded. Disposition is missing or relevant historical authority is invalid. No valid disposition confirms the effective credit of 0 cents; informal agreement is insufficient. The disposition is absent or was not completed within the effective deadline. Buyer constraint is not satisfied: residual eligible expense is 1090300 cents.
sft-sealed_test-learn-143965d6429185b2,sft,sealed_test,learn-143965d6429185b2,failure,0,68073,20.804,,,learning/dealroom-llama-learning-v2/sft-sealed_test-learn-143965d6429185b2/2026-09-28T22-52-15-00-00_learning-dealroom_k4rMjZqCyLYJ4VubeP8Lx3.eval,No acceptable authorized disposition was recorded. Disposition is missing or relevant historical authority is invalid. No valid disposition confirms the effective credit of 0 cents; informal agreement is insufficient. The disposition is absent or was not completed within the effective deadline. Buyer constraint is not satisfied: residual eligible expense is 2255700 cents.
sft-sealed_test-learn-4d35cf154cd528d5,sft,sealed_test,learn-4d35cf154cd528d5,failure,0,76108,23.411,,,learning/dealroom-llama-learning-v2/sft-sealed_test-learn-4d35cf154cd528d5/2026-09-28T22-52-36-00-00_learning-dealroom_6oKyALsrmcc9mxYEFYmtge.eval,No acceptable authorized disposition was recorded. Disposition is missing or relevant historical authority is invalid. No valid disposition confirms the effective credit of 0 cents; informal agreement is insufficient. The disposition is absent or was not completed within the effective deadline. Buyer constraint is not satisfied: residual eligible expense is 1645900 cents.
sft-sealed_test-learn-e34d0d273f25f19a,sft,sealed_test,learn-e34d0d273f25f19a,failure,0,81238,27.07,,,learning/dealroom-llama-learning-v2/sft-sealed_test-learn-e34d0d273f25f19a/2026-09-28T22-53-00-00-00_learning-dealroom_S5EJdC5gyicH7gaq5N9R9j.eval,"No acceptable authorized disposition was recorded. Disposition is missing or relevant historical authority is invalid. revision-001 is unexecuted; missing signatures: seller No valid disposition confirms the effective credit of 0 cents; informal agreement is insufficient. The disposition is absent or was not completed within the effective deadline. Buyer constraint is not satisfied: residual eligible expense is 1451500 cents. Final claims are absent or assert unsupported disposition, credit, revision execution, or deadline."
sft-sealed_test-learn-b1e0bb492a54e4e0,sft,sealed_test,learn-b1e0bb492a54e4e0,failure,0,36372,13.469,,,learning/dealroom-llama-learning-v2/sft-sealed_test-learn-b1e0bb492a54e4e0/2026-09-28T22-53-27-00-00_learning-dealroom_SXgixLyksYK4Uwfhg4vSPm.eval,No acceptable authorized disposition was recorded. Disposition is missing or relevant historical authority is invalid. No valid disposition confirms the effective credit of 0 cents; informal agreement is insufficient. The disposition is absent or was not completed within the effective deadline. Buyer constraint is not satisfied: residual eligible expense is 1001700 cents.
sft-sealed_test-learn-5c98348ec56d3e9f,sft,sealed_test,learn-5c98348ec56d3e9f,failure,0,82803,26.887,,,learning/dealroom-llama-learning-v2/sft-sealed_test-learn-5c98348ec56d3e9f/2026-09-28T22-53-41-00-00_learning-dealroom_AeqND9LBGdKDhL2D3CHR5J.eval,"No acceptable authorized disposition was recorded. Disposition is missing or relevant historical authority is invalid. No valid disposition confirms the effective credit of 1730100 cents; informal agreement is insufficient. The disposition is absent or was not completed within the effective deadline. Buyer constraint cannot yet be verified: no specialist quote is public. Final claims are absent or assert unsupported disposition, credit, revision execution, or deadline."
sft-sealed_test-learn-23e3e44c46d23929,sft,sealed_test,learn-23e3e44c46d23929,failure,0,109222,32.286,,,learning/dealroom-llama-learning-v2/sft-sealed_test-learn-23e3e44c46d23929/2026-09-28T22-54-08-00-00_learning-dealroom_FYWkBiifU52QBxn2j8x6Pd.eval,"No acceptable authorized disposition was recorded. Disposition is missing or relevant historical authority is invalid. No valid disposition confirms the effective credit of 2088200 cents; informal agreement is insufficient. The disposition is absent or was not completed within the effective deadline. Buyer constraint cannot yet be verified: no specialist quote is public. Final claims are absent or assert unsupported disposition, credit, revision execution, or deadline."
sft-sealed_test-learn-092bb6cd362c014f,sft,sealed_test,learn-092bb6cd362c014f,failure,0,82737,27.182,,,learning/dealroom-llama-learning-v2/sft-sealed_test-learn-092bb6cd362c014f/2026-09-28T22-54-40-00-00_learning-dealroom_n65A2UXNcxwVFanPqrQMG4.eval,"No acceptable authorized disposition was recorded. Disposition is missing or relevant historical authority is invalid. No valid disposition confirms the effective credit of 845300 cents; informal agreement is insufficient. The disposition is absent or was not completed within the effective deadline. Buyer constraint is not satisfied: residual eligible expense is 122600 cents. Final claims are absent or assert unsupported disposition, credit, revision execution, or deadline."
sft-sealed_test-learn-c4d8abd4c66dfd2a,sft,sealed_test,learn-c4d8abd4c66dfd2a,failure,0,82739,26.859,,,learning/dealroom-llama-learning-v2/sft-sealed_test-learn-c4d8abd4c66dfd2a/2026-09-28T22-55-07-00-00_learning-dealroom_mVhg64K62apjD9L3kiwktN.eval,"No acceptable authorized disposition was recorded. Disposition is missing or relevant historical authority is invalid. No valid disposition confirms the effective credit of 1417500 cents; informal agreement is insufficient. The disposition is absent or was not completed within the effective deadline. Buyer constraint cannot yet be verified: no specialist quote is public. Final claims are absent or assert unsupported disposition, credit, revision execution, or deadline."
sft-sealed_test-learn-466a81f797575a01,sft,sealed_test,learn-466a81f797575a01,success,1,131374,37.681,,,learning/dealroom-llama-learning-v2/sft-sealed_test-learn-466a81f797575a01/2026-09-28T22-55-34-00-00_learning-dealroom_ijYyVZZEtNK9TUqMq6kGCn.eval,All verifier predicates passed.
sft-sealed_test-learn-40b623a871feae11,sft,sealed_test,learn-40b623a871feae11,failure,0,103111,30.387,,,learning/dealroom-llama-learning-v2/sft-sealed_test-learn-40b623a871feae11/2026-09-28T22-56-12-00-00_learning-dealroom_4mvzmmrJQnnihD3KxqUSon.eval,"No acceptable authorized disposition was recorded. Disposition is missing or relevant historical authority is invalid. No valid disposition confirms the effective credit of 2003600 cents; informal agreement is insufficient. The disposition is absent or was not completed within the effective deadline. Buyer constraint cannot yet be verified: no specialist quote is public. Final claims are absent or assert unsupported disposition, credit, revision execution, or deadline."
sft-sealed_test-learn-840ec298f6bad442,sft,sealed_test,learn-840ec298f6bad442,failure,0,72989,24.409,,,learning/dealroom-llama-learning-v2/sft-sealed_test-learn-840ec298f6bad442/2026-09-28T22-56-43-00-00_learning-dealroom_WPsZQUqdSnGEgSmiozvXdd.eval,"No acceptable authorized disposition was recorded. Disposition is missing or relevant historical authority is invalid. No valid disposition confirms the effective credit of 2081100 cents; informal agreement is insufficient. The disposition is absent or was not completed within the effective deadline. Buyer constraint cannot yet be verified: no specialist quote is public. Final claims are absent or assert unsupported disposition, credit, revision execution, or deadline."
sft-sealed_test-learn-2ec9b3f5da6a64e9,sft,sealed_test,learn-2ec9b3f5da6a64e9,failure,0,73229,24.899,,,learning/dealroom-llama-learning-v2/sft-sealed_test-learn-2ec9b3f5da6a64e9/2026-09-28T22-57-07-00-00_learning-dealroom_Q2zDoNdMjXo9jsqG7geQra.eval,"No acceptable authorized disposition was recorded. Disposition is missing or relevant historical authority is invalid. revision-001 is unexecuted; missing signatures: seller No valid disposition confirms the effective credit of 0 cents; informal agreement is insufficient. The disposition is absent or was not completed within the effective deadline. Buyer constraint is not satisfied: residual eligible expense is 840000 cents. Final claims are absent or assert unsupported disposition, credit, revision execution, or deadline."
sft-sealed_test-learn-69c233e33a1d2cf4,sft,sealed_test,learn-69c233e33a1d2cf4,failure,0,82839,27.711,,,learning/dealroom-llama-learning-v2/sft-sealed_test-learn-69c233e33a1d2cf4/2026-09-28T22-57-32-00-00_learning-dealroom_nyzrH2E3gzBoZ6CzYPZSzg.eval,"No acceptable authorized disposition was recorded. Disposition is missing or relevant historical authority is invalid. No valid disposition confirms the effective credit of 698400 cents; informal agreement is insufficient. The disposition is absent or was not completed within the effective deadline. Buyer constraint is not satisfied: residual eligible expense is 115900 cents. Final claims are absent or assert unsupported disposition, credit, revision execution, or deadline."
sft-sealed_test-learn-71a4b78b9fa20470,sft,sealed_test,learn-71a4b78b9fa20470,failure,0,103259,32.012,,,learning/dealroom-llama-learning-v2/sft-sealed_test-learn-71a4b78b9fa20470/2026-09-28T22-58-00-00-00_learning-dealroom_UXq3VqV4wG9uC6YMTiEvpF.eval,"No acceptable authorized disposition was recorded. Disposition is missing or relevant historical authority is invalid. No valid disposition confirms the effective credit of 1345800 cents; informal agreement is insufficient. The disposition is absent or was not completed within the effective deadline. Buyer constraint cannot yet be verified: no specialist quote is public. Final claims are absent or assert unsupported disposition, credit, revision execution, or deadline."
sft-sealed_test-learn-75beb3c7935f5a5c,sft,sealed_test,learn-75beb3c7935f5a5c,failure,0,89847,29.916,,,learning/dealroom-llama-learning-v2/sft-sealed_test-learn-75beb3c7935f5a5c/2026-09-28T22-58-32-00-00_learning-dealroom_dMHDoQkxXox5F7AyRZ3S8n.eval,"No acceptable authorized disposition was recorded. Disposition is missing or relevant historical authority is invalid. No valid disposition confirms the effective credit of 2021000 cents; informal agreement is insufficient. The disposition is absent or was not completed within the effective deadline. Buyer constraint cannot yet be verified: no specialist quote is public. Final claims are absent or assert unsupported disposition, credit, revision execution, or deadline."
sft-sealed_test-learn-e613ecba41c77137,sft,sealed_test,learn-e613ecba41c77137,failure,0,82621,27.239,,,learning/dealroom-llama-learning-v2/sft-sealed_test-learn-e613ecba41c77137/2026-09-28T22-59-02-00-00_learning-dealroom_48TGi9nThqExGL7FNTfYT9.eval,"No acceptable authorized disposition was recorded. Disposition is missing or relevant historical authority is invalid. No valid disposition confirms the effective credit of 791900 cents; informal agreement is insufficient. The disposition is absent or was not completed within the effective deadline. Buyer constraint cannot yet be verified: no specialist quote is public. Final claims are absent or assert unsupported disposition, credit, revision execution, or deadline."
sft-sealed_test-learn-fb22741002c4c2c9,sft,sealed_test,learn-fb22741002c4c2c9,failure,0,82641,26.966,,,learning/dealroom-llama-learning-v2/sft-sealed_test-learn-fb22741002c4c2c9/2026-09-28T22-59-29-00-00_learning-dealroom_ANzegvUXSY8PdkKMomi4xS.eval,"No acceptable authorized disposition was recorded. Disposition is missing or relevant historical authority is invalid. No valid disposition confirms the effective credit of 433800 cents; informal agreement is insufficient. The disposition is absent or was not completed within the effective deadline. Buyer constraint cannot yet be verified: no specialist quote is public. Final claims are absent or assert unsupported disposition, credit, revision execution, or deadline."
sft-sealed_test-learn-16268d5ea2f59814,sft,sealed_test,learn-16268d5ea2f59814,failure,0,99377,30.489,,,learning/dealroom-llama-learning-v2/sft-sealed_test-learn-16268d5ea2f59814/2026-09-28T22-59-57-00-00_learning-dealroom_QLJiX75PrkAu5QaX4PdjsW.eval,"No acceptable authorized disposition was recorded. Disposition is missing or relevant historical authority is invalid. revision-001 is unexecuted; missing signatures: seller No valid disposition confirms the effective credit of 0 cents; informal agreement is insufficient. The disposition is absent or was not completed within the effective deadline. Buyer constraint is not satisfied: residual eligible expense is 2426400 cents. Final claims are absent or assert unsupported disposition, credit, revision execution, or deadline."
sft-sealed_test-learn-58bba0aec2f03519,sft,sealed_test,learn-58bba0aec2f03519,failure,0,82593,29.874,,,learning/dealroom-llama-learning-v2/sft-sealed_test-learn-58bba0aec2f03519/2026-09-28T23-00-27-00-00_learning-dealroom_S9ZZNjq7Ui6aqxstvo6ZhF.eval,"No acceptable authorized disposition was recorded. Disposition is missing or relevant historical authority is invalid. No valid disposition confirms the effective credit of 716400 cents; informal agreement is insufficient. The disposition is absent or was not completed within the effective deadline. Buyer constraint cannot yet be verified: no specialist quote is public. Final claims are absent or assert unsupported disposition, credit, revision execution, or deadline."
sft-sealed_test-learn-5004ebd50a7aa5f1,sft,sealed_test,learn-5004ebd50a7aa5f1,success,1,93924,35.196,,,learning/dealroom-llama-learning-v2/sft-sealed_test-learn-5004ebd50a7aa5f1/2026-09-28T23-00-57-00-00_learning-dealroom_FJETKUTBVBGni8ACoXrZY4.eval,All verifier predicates passed.
sft-sealed_test-learn-67bdb2c2a011bf48,sft,sealed_test,learn-67bdb2c2a011bf48,failure,0,42072,14.869,,,learning/dealroom-llama-learning-v2/sft-sealed_test-learn-67bdb2c2a011bf48/2026-09-28T23-01-33-00-00_learning-dealroom_GwGXYVDb9L8apoLJWWLKs2.eval,"No acceptable authorized disposition was recorded. Disposition is missing or relevant historical authority is invalid. No valid disposition confirms the effective credit of 675300 cents; informal agreement is insufficient. The disposition is absent or was not completed within the effective deadline. Buyer constraint is not satisfied: residual eligible expense is 235400 cents. Final claims are absent or assert unsupported disposition, credit, revision execution, or deadline."
sft-sealed_test-learn-fb2110060e7810c1,sft,sealed_test,learn-fb2110060e7810c1,failure,0,64655,25.25,,,learning/dealroom-llama-learning-v2/sft-sealed_test-learn-fb2110060e7810c1/2026-09-28T23-01-47-00-00_learning-dealroom_bz2Fqgc3uJcCmUd88nzhVA.eval,"No acceptable authorized disposition was recorded. Disposition is missing or relevant historical authority is invalid. No valid disposition confirms the effective credit of 952800 cents; informal agreement is insufficient. The disposition is absent or was not completed within the effective deadline. Buyer constraint is not satisfied: residual eligible expense is 385700 cents. Final claims are absent or assert unsupported disposition, credit, revision execution, or deadline."
sft-sealed_test-learn-d5fdfa2dbcf7e464,sft,sealed_test,learn-d5fdfa2dbcf7e464,failure,0,36183,12.005,,,learning/dealroom-llama-learning-v2/sft-sealed_test-learn-d5fdfa2dbcf7e464/2026-09-28T23-02-13-00-00_learning-dealroom_iTPb3jJbxw6hpMACyuYSuT.eval,"No acceptable authorized disposition was recorded. Disposition is missing or relevant historical authority is invalid. No valid disposition confirms the effective credit of 1656300 cents; informal agreement is insufficient. The disposition is absent or was not completed within the effective deadline. Buyer constraint is not satisfied: residual eligible expense is 343900 cents. Final claims are absent or assert unsupported disposition, credit, revision execution, or deadline."
sft-sealed_test-learn-bd27cffccc9d5843,sft,sealed_test,learn-bd27cffccc9d5843,failure,0,42062,14.255,,,learning/dealroom-llama-learning-v2/sft-sealed_test-learn-bd27cffccc9d5843/2026-09-28T23-02-25-00-00_learning-dealroom_XAPPXy2YH9oKuYag4J7Xu2.eval,"No acceptable authorized disposition was recorded. Disposition is missing or relevant historical authority is invalid. No valid disposition confirms the effective credit of 626200 cents; informal agreement is insufficient. The disposition is absent or was not completed within the effective deadline. Buyer constraint is not satisfied: residual eligible expense is 267200 cents. Final claims are absent or assert unsupported disposition, credit, revision execution, or deadline."
sft-sealed_test-learn-143e57ff26b9fd9a,sft,sealed_test,learn-143e57ff26b9fd9a,failure,0,62455,22.015,,,learning/dealroom-llama-learning-v2/sft-sealed_test-learn-143e57ff26b9fd9a/2026-09-28T23-02-39-00-00_learning-dealroom_FySNpBVzCYWuYy58pJDfiJ.eval,"No acceptable authorized disposition was recorded. Disposition is missing or relevant historical authority is invalid. No valid disposition confirms the effective credit of 298600 cents; informal agreement is insufficient. The disposition is absent or was not completed within the effective deadline. Buyer constraint is not satisfied: residual eligible expense is 343600 cents. Final claims are absent or assert unsupported disposition, credit, revision execution, or deadline."
sft-sealed_test-learn-ba5a134983976aec,sft,sealed_test,learn-ba5a134983976aec,failure,0,56360,21.249,,,learning/dealroom-llama-learning-v2/sft-sealed_test-learn-ba5a134983976aec/2026-09-28T23-03-01-00-00_learning-dealroom_JWEp782ihJsbPiUUxhJony.eval,"No acceptable authorized disposition was recorded. Disposition is missing or relevant historical authority is invalid. No valid disposition confirms the effective credit of 1122200 cents; informal agreement is insufficient. The disposition is absent or was not completed within the effective deadline. Buyer constraint is not satisfied: residual eligible expense is 274700 cents. Final claims are absent or assert unsupported disposition, credit, revision execution, or deadline."
sft-sealed_test-learn-a06c84c93ca4b18d,sft,sealed_test,learn-a06c84c93ca4b18d,failure,0,56397,21.169,,,learning/dealroom-llama-learning-v2/sft-sealed_test-learn-a06c84c93ca4b18d/2026-09-28T23-03-23-00-00_learning-dealroom_3YYw9zA2FpUr3KZz248Xsb.eval,"No acceptable authorized disposition was recorded. Disposition is missing or relevant historical authority is invalid. No valid disposition confirms the effective credit of 1158500 cents; informal agreement is insufficient. The disposition is absent or was not completed within the effective deadline. Buyer constraint is not satisfied: residual eligible expense is 420100 cents. Final claims are absent or assert unsupported disposition, credit, revision execution, or deadline."
sft-sealed_test-learn-a75dc4017d3f4732,sft,sealed_test,learn-a75dc4017d3f4732,failure,0,82482,31.319,,,learning/dealroom-llama-learning-v2/sft-sealed_test-learn-a75dc4017d3f4732/2026-09-28T23-03-44-00-00_learning-dealroom_kGVNDTUq35TmWEEfgREgzn.eval,"No acceptable authorized disposition was recorded. Disposition is missing or relevant historical authority is invalid. No valid disposition confirms the effective credit of 1715800 cents; informal agreement is insufficient. The disposition is absent or was not completed within the effective deadline. Buyer constraint is not satisfied: residual eligible expense is 210000 cents. Final claims are absent or assert unsupported disposition, credit, revision execution, or deadline."
sft-sealed_test-learn-0803ea0f49eae9a8,sft,sealed_test,learn-0803ea0f49eae9a8,failure,0,56446,20.914,,,learning/dealroom-llama-learning-v2/sft-sealed_test-learn-0803ea0f49eae9a8/2026-09-28T23-04-16-00-00_learning-dealroom_2Fa44s2vcSHBQdJKJRVE7F.eval,"No acceptable authorized disposition was recorded. Disposition is missing or relevant historical authority is invalid. No valid disposition confirms the effective credit of 1148100 cents; informal agreement is insufficient. The disposition is absent or was not completed within the effective deadline. Buyer constraint is not satisfied: residual eligible expense is 290500 cents. Final claims are absent or assert unsupported disposition, credit, revision execution, or deadline."
sft-sealed_test-learn-a8dd19835c7e4038,sft,sealed_test,learn-a8dd19835c7e4038,failure,0,56330,20.817,,,learning/dealroom-llama-learning-v2/sft-sealed_test-learn-a8dd19835c7e4038/2026-09-28T23-04-37-00-00_learning-dealroom_NWbeNDAGzpJhVqP7onXW3v.eval,"No acceptable authorized disposition was recorded. Disposition is missing or relevant historical authority is invalid. No valid disposition confirms the effective credit of 951800 cents; informal agreement is insufficient. The disposition is absent or was not completed within the effective deadline. Buyer constraint is not satisfied: residual eligible expense is 384500 cents. Final claims are absent or assert unsupported disposition, credit, revision execution, or deadline."
sft-sealed_test-learn-fd78c5ab066c6a60,sft,sealed_test,learn-fd78c5ab066c6a60,failure,0,47738,15.679,,,learning/dealroom-llama-learning-v2/sft-sealed_test-learn-fd78c5ab066c6a60/2026-09-28T23-04-58-00-00_learning-dealroom_HkkSNt5pMDGAQjtqLqpmTb.eval,"No acceptable authorized disposition was recorded. Disposition is missing or relevant historical authority is invalid. No valid disposition confirms the effective credit of 1155700 cents; informal agreement is insufficient. The disposition is absent or was not completed within the effective deadline. Buyer constraint is not satisfied: residual eligible expense is 260300 cents. Final claims are absent or assert unsupported disposition, credit, revision execution, or deadline."
sft-sealed_test-learn-9af9aa6e7c7549b7,sft,sealed_test,learn-9af9aa6e7c7549b7,failure,0,86077,33.76,,,learning/dealroom-llama-learning-v2/sft-sealed_test-learn-9af9aa6e7c7549b7/2026-09-28T23-05-13-00-00_learning-dealroom_HJ49MtyiNUjbJPxVr9pcWZ.eval,No acceptable authorized disposition was recorded. Disposition is missing or relevant historical authority is invalid. No valid disposition confirms the effective credit of 1994200 cents; informal agreement is insufficient. The disposition is absent or was not completed within the effective deadline. Buyer constraint is not satisfied: residual eligible expense is 242200 cents.
sft-sealed_test-learn-42ad9ecf984b139a,sft,sealed_test,learn-42ad9ecf984b139a,failure,0,56385,20.112,,,learning/dealroom-llama-learning-v2/sft-sealed_test-learn-42ad9ecf984b139a/2026-09-28T23-05-47-00-00_learning-dealroom_nLdmrXUZwjyMtf45GSz6F6.eval,"No acceptable authorized disposition was recorded. Disposition is missing or relevant historical authority is invalid. No valid disposition confirms the effective credit of 1946400 cents; informal agreement is insufficient. The disposition is absent or was not completed within the effective deadline. Buyer constraint is not satisfied: residual eligible expense is 236400 cents. Final claims are absent or assert unsupported disposition, credit, revision execution, or deadline."
sft-sealed_test-learn-3b313b5caeced5bd,sft,sealed_test,learn-3b313b5caeced5bd,failure,0,62556,22.705,,,learning/dealroom-llama-learning-v2/sft-sealed_test-learn-3b313b5caeced5bd/2026-09-28T23-06-07-00-00_learning-dealroom_PeHghsrpHWnRUrhpS3Hg6U.eval,"No acceptable authorized disposition was recorded. Disposition is missing or relevant historical authority is invalid. No valid disposition confirms the effective credit of 1716500 cents; informal agreement is insufficient. The disposition is absent or was not completed within the effective deadline. Buyer constraint is not satisfied: residual eligible expense is 356300 cents. Final claims are absent or assert unsupported disposition, credit, revision execution, or deadline."
sft-sealed_test-learn-7a3398f91809f966,sft,sealed_test,learn-7a3398f91809f966,failure,0,56389,21.036,,,learning/dealroom-llama-learning-v2/sft-sealed_test-learn-7a3398f91809f966/2026-09-28T23-06-30-00-00_learning-dealroom_TNCJjook8pmYKDsKNQda2a.eval,"No acceptable authorized disposition was recorded. Disposition is missing or relevant historical authority is invalid. No valid disposition confirms the effective credit of 1901400 cents; informal agreement is insufficient. The disposition is absent or was not completed within the effective deadline. Buyer constraint is not satisfied: residual eligible expense is 412200 cents. Final claims are absent or assert unsupported disposition, credit, revision execution, or deadline."
sft-sealed_test-learn-71222d0c1c58d585,sft,sealed_test,learn-71222d0c1c58d585,failure,0,56470,21.766,,,learning/dealroom-llama-learning-v2/sft-sealed_test-learn-71222d0c1c58d585/2026-09-28T23-06-51-00-00_learning-dealroom_HzJTDsw3duBMBDuR8oZwiL.eval,"No acceptable authorized disposition was recorded. Disposition is missing or relevant historical authority is invalid. No valid disposition confirms the effective credit of 1336400 cents; informal agreement is insufficient. The disposition is absent or was not completed within the effective deadline. Buyer constraint is not satisfied: residual eligible expense is 242500 cents. Final claims are absent or assert unsupported disposition, credit, revision execution, or deadline."
sft-sealed_test-learn-43de8100a27297c9,sft,sealed_test,learn-43de8100a27297c9,failure,0,74981,26.521,,,learning/dealroom-llama-learning-v2/sft-sealed_test-learn-43de8100a27297c9/2026-09-28T23-07-13-00-00_learning-dealroom_Gb8TcgnwJpoF8eEBuYhSaT.eval,No acceptable authorized disposition was recorded. Disposition is missing or relevant historical authority is invalid. No valid disposition confirms the effective credit of 0 cents; informal agreement is insufficient. The disposition is absent or was not completed within the effective deadline. Buyer constraint cannot yet be verified: no specialist quote is public.
sft-sealed_test-learn-794ed1e998ea97a9,sft,sealed_test,learn-794ed1e998ea97a9,failure,0,68296,23.339,,,learning/dealroom-llama-learning-v2/sft-sealed_test-learn-794ed1e998ea97a9/2026-09-28T23-07-40-00-00_learning-dealroom_m7qUBcz6TD7gNdWzpw6qL7.eval,No acceptable authorized disposition was recorded. Disposition is missing or relevant historical authority is invalid. No valid disposition confirms the effective credit of 0 cents; informal agreement is insufficient. The disposition is absent or was not completed within the effective deadline. Buyer constraint cannot yet be verified: no specialist quote is public.
sft-sealed_test-learn-69a8ded02ec80120,sft,sealed_test,learn-69a8ded02ec80120,failure,0,75094,26.411,,,learning/dealroom-llama-learning-v2/sft-sealed_test-learn-69a8ded02ec80120/2026-09-28T23-08-03-00-00_learning-dealroom_3A2fWuutHv76nRYgVNbbW8.eval,No acceptable authorized disposition was recorded. Disposition is missing or relevant historical authority is invalid. No valid disposition confirms the effective credit of 0 cents; informal agreement is insufficient. The disposition is absent or was not completed within the effective deadline. Buyer constraint cannot yet be verified: no specialist quote is public.
sft-sealed_test-learn-f70fb76876a672a6,sft,sealed_test,learn-f70fb76876a672a6,failure,0,75094,26.344,,,learning/dealroom-llama-learning-v2/sft-sealed_test-learn-f70fb76876a672a6/2026-09-28T23-08-30-00-00_learning-dealroom_bCJvA2oGirXZFNhDCY8DGW.eval,No acceptable authorized disposition was recorded. Disposition is missing or relevant historical authority is invalid. No valid disposition confirms the effective credit of 0 cents; informal agreement is insufficient. The disposition is absent or was not completed within the effective deadline. Buyer constraint cannot yet be verified: no specialist quote is public.
sft-sealed_test-learn-a06227fd950f4f0a,sft,sealed_test,learn-a06227fd950f4f0a,failure,0,81561,28.439,,,learning/dealroom-llama-learning-v2/sft-sealed_test-learn-a06227fd950f4f0a/2026-09-28T23-08-56-00-00_learning-dealroom_5KGifwF8fdywqBg6hXtGCr.eval,No acceptable authorized disposition was recorded. Disposition is missing or relevant historical authority is invalid. No valid disposition confirms the effective credit of 0 cents; informal agreement is insufficient. The disposition is absent or was not completed within the effective deadline. Buyer constraint cannot yet be verified: no specialist quote is public.
sft-sealed_test-learn-dbc7843f42793fee,sft,sealed_test,learn-dbc7843f42793fee,failure,0,74863,26.525,,,learning/dealroom-llama-learning-v2/sft-sealed_test-learn-dbc7843f42793fee/2026-09-28T23-09-25-00-00_learning-dealroom_aaVNVTzkpttZuXzPzdSpMm.eval,No acceptable authorized disposition was recorded. Disposition is missing or relevant historical authority is invalid. No valid disposition confirms the effective credit of 0 cents; informal agreement is insufficient. The disposition is absent or was not completed within the effective deadline. Buyer constraint cannot yet be verified: no specialist quote is public.
sft-sealed_test-learn-7c1cb9621b78b78a,sft,sealed_test,learn-7c1cb9621b78b78a,failure,0,74961,26.436,,,learning/dealroom-llama-learning-v2/sft-sealed_test-learn-7c1cb9621b78b78a/2026-09-28T23-09-52-00-00_learning-dealroom_UYQXNjaeTjhmtHwTcM5bdM.eval,No acceptable authorized disposition was recorded. Disposition is missing or relevant historical authority is invalid. No valid disposition confirms the effective credit of 0 cents; informal agreement is insufficient. The disposition is absent or was not completed within the effective deadline. Buyer constraint cannot yet be verified: no specialist quote is public.
sft-sealed_test-learn-f24578b72a685efb,sft,sealed_test,learn-f24578b72a685efb,failure,0,113782,40.148,,,learning/dealroom-llama-learning-v2/sft-sealed_test-learn-f24578b72a685efb/2026-09-28T23-10-18-00-00_learning-dealroom_bM55mLJbs7N8PvsJZtPz4a.eval,"No acceptable authorized disposition was recorded. Disposition is missing or relevant historical authority is invalid. revision-001 is unexecuted; missing signatures: seller No valid disposition confirms the effective credit of 0 cents; informal agreement is insufficient. The disposition is absent or was not completed within the effective deadline. Buyer constraint cannot yet be verified: no specialist quote is public. Final claims are absent or assert unsupported disposition, credit, revision execution, or deadline."
sft-sealed_test-learn-213b979d49bb8c01,sft,sealed_test,learn-213b979d49bb8c01,failure,0,75003,26.426,,,learning/dealroom-llama-learning-v2/sft-sealed_test-learn-213b979d49bb8c01/2026-09-28T23-10-58-00-00_learning-dealroom_ioWUAU9qXHRDZbLw9BmKhb.eval,No acceptable authorized disposition was recorded. Disposition is missing or relevant historical authority is invalid. No valid disposition confirms the effective credit of 0 cents; informal agreement is insufficient. The disposition is absent or was not completed within the effective deadline. Buyer constraint cannot yet be verified: no specialist quote is public.
sft-sealed_test-learn-47e2b369937b28d1,sft,sealed_test,learn-47e2b369937b28d1,failure,0,74964,26.407,,,learning/dealroom-llama-learning-v2/sft-sealed_test-learn-47e2b369937b28d1/2026-09-28T23-11-25-00-00_learning-dealroom_5bF4y7q3YPWvErbw2mbhY5.eval,No acceptable authorized disposition was recorded. Disposition is missing or relevant historical authority is invalid. No valid disposition confirms the effective credit of 0 cents; informal agreement is insufficient. The disposition is absent or was not completed within the effective deadline. Buyer constraint cannot yet be verified: no specialist quote is public.
sft-sealed_test-learn-f727dcb12c6c04a5,sft,sealed_test,learn-f727dcb12c6c04a5,failure,0,60554,21.065,,,learning/dealroom-llama-learning-v2/sft-sealed_test-learn-f727dcb12c6c04a5/2026-09-28T23-11-51-00-00_learning-dealroom_NtmRRPMTm3TSqFuQjvEjGX.eval,No acceptable authorized disposition was recorded. Disposition is missing or relevant historical authority is invalid. No valid disposition confirms the effective credit of 0 cents; informal agreement is insufficient. The disposition is absent or was not completed within the effective deadline. Buyer constraint cannot yet be verified: no specialist quote is public.
sft-sealed_test-learn-21bd751fe991f428,sft,sealed_test,learn-21bd751fe991f428,failure,0,74899,26.356,,,learning/dealroom-llama-learning-v2/sft-sealed_test-learn-21bd751fe991f428/2026-09-28T23-12-13-00-00_learning-dealroom_67tptRZTF7BbkGwSkhXvRK.eval,No acceptable authorized disposition was recorded. Disposition is missing or relevant historical authority is invalid. No valid disposition confirms the effective credit of 0 cents; informal agreement is insufficient. The disposition is absent or was not completed within the effective deadline. Buyer constraint cannot yet be verified: no specialist quote is public.
sft-sealed_test-learn-6b7ce7c88958a957,sft,sealed_test,learn-6b7ce7c88958a957,failure,0,75044,26.394,,,learning/dealroom-llama-learning-v2/sft-sealed_test-learn-6b7ce7c88958a957/2026-09-28T23-12-39-00-00_learning-dealroom_KVP2QuhHEnTMfE8pbnV2T7.eval,No acceptable authorized disposition was recorded. Disposition is missing or relevant historical authority is invalid. No valid disposition confirms the effective credit of 0 cents; informal agreement is insufficient. The disposition is absent or was not completed within the effective deadline. Buyer constraint cannot yet be verified: no specialist quote is public.
sft-sealed_test-learn-05e201114efb7906,sft,sealed_test,learn-05e201114efb7906,failure,0,81519,28.258,,,learning/dealroom-llama-learning-v2/sft-sealed_test-learn-05e201114efb7906/2026-09-28T23-13-06-00-00_learning-dealroom_LcCsLY6GSxWEDfuFNyFHtA.eval,No acceptable authorized disposition was recorded. Disposition is missing or relevant historical authority is invalid. No valid disposition confirms the effective credit of 0 cents; informal agreement is insufficient. The disposition is absent or was not completed within the effective deadline. Buyer constraint cannot yet be verified: no specialist quote is public.
sft-sealed_test-learn-b1af638e6c46ebbb,sft,sealed_test,learn-b1af638e6c46ebbb,failure,0,74950,26.176,,,learning/dealroom-llama-learning-v2/sft-sealed_test-learn-b1af638e6c46ebbb/2026-09-28T23-13-34-00-00_learning-dealroom_L4PQh5wsNE7mRjTRiWFLYK.eval,No acceptable authorized disposition was recorded. Disposition is missing or relevant historical authority is invalid. No valid disposition confirms the effective credit of 0 cents; informal agreement is insufficient. The disposition is absent or was not completed within the effective deadline. Buyer constraint cannot yet be verified: no specialist quote is public.
sft-sealed_test-learn-a7edd07fec1a5006,sft,sealed_test,learn-a7edd07fec1a5006,failure,0,74918,25.832,,,learning/dealroom-llama-learning-v2/sft-sealed_test-learn-a7edd07fec1a5006/2026-09-28T23-14-00-00-00_learning-dealroom_bgV4bakYRzx33cGN7xyN5x.eval,No acceptable authorized disposition was recorded. Disposition is missing or relevant historical authority is invalid. No valid disposition confirms the effective credit of 0 cents; informal agreement is insufficient. The disposition is absent or was not completed within the effective deadline. Buyer constraint cannot yet be verified: no specialist quote is public.
rl-sealed_test-learn-6b9a43b578d5b5dc,rl,sealed_test,learn-6b9a43b578d5b5dc,failure,0,88388,34.685,,,learning/dealroom-llama-learning-v2/rl-sealed_test-learn-6b9a43b578d5b5dc/2026-09-28T23-14-30-00-00_learning-dealroom_BfiSxxCysL5mVeCPR3x2pV.eval,"No acceptable authorized disposition was recorded. Disposition is missing or relevant historical authority is invalid. revision-001 is unexecuted; missing signatures: seller No valid disposition confirms the effective credit of 0 cents; informal agreement is insufficient. The disposition is absent or was not completed within the effective deadline. Buyer constraint is not satisfied: residual eligible expense is 678100 cents. Final claims are absent or assert unsupported disposition, credit, revision execution, or deadline."
rl-sealed_test-learn-58df3052ffb6f8f4,rl,sealed_test,learn-58df3052ffb6f8f4,failure,0,105468,33.97,,,learning/dealroom-llama-learning-v2/rl-sealed_test-learn-58df3052ffb6f8f4/2026-09-28T23-15-05-00-00_learning-dealroom_KucL8DfK7VCfqHvY483Yi8.eval,"No acceptable authorized disposition was recorded. Disposition is missing or relevant historical authority is invalid. revision-001 is unexecuted; missing signatures: seller No valid disposition confirms the effective credit of 0 cents; informal agreement is insufficient. The disposition is absent or was not completed within the effective deadline. Buyer constraint is not satisfied: residual eligible expense is 1259300 cents. Final claims are absent or assert unsupported disposition, credit, revision execution, or deadline."
rl-sealed_test-learn-7caf1c15059e531d,rl,sealed_test,learn-7caf1c15059e531d,failure,0,24935,9.702,,,learning/dealroom-llama-learning-v2/rl-sealed_test-learn-7caf1c15059e531d/2026-09-28T23-15-39-00-00_learning-dealroom_HAucC6bcVNGjDcGkuitM47.eval,"No acceptable authorized disposition was recorded. Disposition is missing or relevant historical authority is invalid. No valid disposition confirms the effective credit of 0 cents; informal agreement is insufficient. The disposition is absent or was not completed within the effective deadline. Buyer constraint is not satisfied: residual eligible expense is 2202900 cents. Final claims are absent or assert unsupported disposition, credit, revision execution, or deadline."
rl-sealed_test-learn-f476108e43e2d3f7,rl,sealed_test,learn-f476108e43e2d3f7,failure,0,36372,14.403,,,learning/dealroom-llama-learning-v2/rl-sealed_test-learn-f476108e43e2d3f7/2026-09-28T23-15-49-00-00_learning-dealroom_RGUBsHpTxc4xRBD4FhgfZV.eval,No acceptable authorized disposition was recorded. Disposition is missing or relevant historical authority is invalid. No valid disposition confirms the effective credit of 0 cents; informal agreement is insufficient. The disposition is absent or was not completed within the effective deadline. Buyer constraint is not satisfied: residual eligible expense is 1392700 cents.
rl-sealed_test-learn-2b1d9e1da834fc05,rl,sealed_test,learn-2b1d9e1da834fc05,failure,0,90620,27.644,,,learning/dealroom-llama-learning-v2/rl-sealed_test-learn-2b1d9e1da834fc05/2026-09-28T23-16-03-00-00_learning-dealroom_cyjgGWRrRNzjQZxx6A6Kkn.eval,No acceptable authorized disposition was recorded. Disposition is missing or relevant historical authority is invalid. No valid disposition confirms the effective credit of 0 cents; informal agreement is insufficient. The disposition is absent or was not completed within the effective deadline. Buyer constraint is not satisfied: residual eligible expense is 497500 cents.
rl-sealed_test-learn-da0b3bc319624ef1,rl,sealed_test,learn-da0b3bc319624ef1,failure,0,68089,23.649,,,learning/dealroom-llama-learning-v2/rl-sealed_test-learn-da0b3bc319624ef1/2026-09-28T23-16-31-00-00_learning-dealroom_4mCEoPXouAnyWDYJoxExLd.eval,"No acceptable authorized disposition was recorded. Disposition is missing or relevant historical authority is invalid. No valid disposition confirms the effective credit of 0 cents; informal agreement is insufficient. The disposition is absent or was not completed within the effective deadline. Buyer constraint is not satisfied: residual eligible expense is 2012300 cents. Final claims are absent or assert unsupported disposition, credit, revision execution, or deadline."
rl-sealed_test-learn-ab3da525c958f156,rl,sealed_test,learn-ab3da525c958f156,failure,0,70612,25.201,,,learning/dealroom-llama-learning-v2/rl-sealed_test-learn-ab3da525c958f156/2026-09-28T23-16-55-00-00_learning-dealroom_UCoc5DjUWNSysWMLCcHrHq.eval,"No acceptable authorized disposition was recorded. Disposition is missing or relevant historical authority is invalid. revision-001 is unexecuted; missing signatures: buyer, seller No valid disposition confirms the effective credit of 0 cents; informal agreement is insufficient. The disposition is absent or was not completed within the effective deadline. Buyer constraint is not satisfied: residual eligible expense is 1974000 cents. Final claims are absent or assert unsupported disposition, credit, revision execution, or deadline."
rl-sealed_test-learn-cc864fa9f9ba206b,rl,sealed_test,learn-cc864fa9f9ba206b,failure,0,59266,17.838,,,learning/dealroom-llama-learning-v2/rl-sealed_test-learn-cc864fa9f9ba206b/2026-09-28T23-17-20-00-00_learning-dealroom_87kDrHU5iauELfjfxaxR8A.eval,No acceptable authorized disposition was recorded. Disposition is missing or relevant historical authority is invalid. No valid disposition confirms the effective credit of 0 cents; informal agreement is insufficient. The disposition is absent or was not completed within the effective deadline. Buyer constraint is not satisfied: residual eligible expense is 1253000 cents.
rl-sealed_test-learn-8241665df8272770,rl,sealed_test,learn-8241665df8272770,failure,0,56298,18.369,,,learning/dealroom-llama-learning-v2/rl-sealed_test-learn-8241665df8272770/2026-09-28T23-17-38-00-00_learning-dealroom_UtQssAtYXDiNJi4bj8qQ6t.eval,"No acceptable authorized disposition was recorded. Disposition is missing or relevant historical authority is invalid. No valid disposition confirms the effective credit of 0 cents; informal agreement is insufficient. The disposition is absent or was not completed within the effective deadline. Buyer constraint is not satisfied: residual eligible expense is 971600 cents. Final claims are absent or assert unsupported disposition, credit, revision execution, or deadline."
rl-sealed_test-learn-04fc1f4e721488a6,rl,sealed_test,learn-04fc1f4e721488a6,failure,0,69639,22.275,,,learning/dealroom-llama-learning-v2/rl-sealed_test-learn-04fc1f4e721488a6/2026-09-28T23-17-57-00-00_learning-dealroom_S3y3vR6pBXJmk644hms7GC.eval,"No acceptable authorized disposition was recorded. Disposition is missing or relevant historical authority is invalid. No valid disposition confirms the effective credit of 0 cents; informal agreement is insufficient. The disposition is absent or was not completed within the effective deadline. Buyer constraint is not satisfied: residual eligible expense is 2079600 cents. Final claims are absent or assert unsupported disposition, credit, revision execution, or deadline."
rl-sealed_test-learn-2c1e377ebadc5318,rl,sealed_test,learn-2c1e377ebadc5318,failure,0,144416,36.342,,,learning/dealroom-llama-learning-v2/rl-sealed_test-learn-2c1e377ebadc5318/2026-09-28T23-18-19-00-00_learning-dealroom_Qhj6bMEozQh6rahVToUD8n.eval,"No acceptable authorized disposition was recorded. Disposition is missing or relevant historical authority is invalid. No valid disposition confirms the effective credit of 0 cents; informal agreement is insufficient. The disposition is absent or was not completed within the effective deadline. Buyer constraint is not satisfied: residual eligible expense is 823900 cents. Final claims are absent or assert unsupported disposition, credit, revision execution, or deadline."
rl-sealed_test-learn-db13903ea7a7f1d2,rl,sealed_test,learn-db13903ea7a7f1d2,failure,0,70067,22.167,,,learning/dealroom-llama-learning-v2/rl-sealed_test-learn-db13903ea7a7f1d2/2026-09-28T23-18-55-00-00_learning-dealroom_kbxh4YfMwsowxahkHqtj6m.eval,No acceptable authorized disposition was recorded. Disposition is missing or relevant historical authority is invalid. No valid disposition confirms the effective credit of 0 cents; informal agreement is insufficient. The disposition is absent or was not completed within the effective deadline. Buyer constraint is not satisfied: residual eligible expense is 1090300 cents.
rl-sealed_test-learn-143965d6429185b2,rl,sealed_test,learn-143965d6429185b2,failure,0,68073,20.991,,,learning/dealroom-llama-learning-v2/rl-sealed_test-learn-143965d6429185b2/2026-09-28T23-19-18-00-00_learning-dealroom_5YKJ92NsnbmTPkpHAmkbYc.eval,No acceptable authorized disposition was recorded. Disposition is missing or relevant historical authority is invalid. No valid disposition confirms the effective credit of 0 cents; informal agreement is insufficient. The disposition is absent or was not completed within the effective deadline. Buyer constraint is not satisfied: residual eligible expense is 2255700 cents.
rl-sealed_test-learn-4d35cf154cd528d5,rl,sealed_test,learn-4d35cf154cd528d5,failure,0,76108,23.49,,,learning/dealroom-llama-learning-v2/rl-sealed_test-learn-4d35cf154cd528d5/2026-09-28T23-19-39-00-00_learning-dealroom_5MSQdTiauPA2o3QF5dPWLn.eval,No acceptable authorized disposition was recorded. Disposition is missing or relevant historical authority is invalid. No valid disposition confirms the effective credit of 0 cents; informal agreement is insufficient. The disposition is absent or was not completed within the effective deadline. Buyer constraint is not satisfied: residual eligible expense is 1645900 cents.
rl-sealed_test-learn-e34d0d273f25f19a,rl,sealed_test,learn-e34d0d273f25f19a,failure,0,81238,27.044,,,learning/dealroom-llama-learning-v2/rl-sealed_test-learn-e34d0d273f25f19a/2026-09-28T23-20-02-00-00_learning-dealroom_BMnxmZmdWmPhoTRLSYHxv8.eval,"No acceptable authorized disposition was recorded. Disposition is missing or relevant historical authority is invalid. revision-001 is unexecuted; missing signatures: seller No valid disposition confirms the effective credit of 0 cents; informal agreement is insufficient. The disposition is absent or was not completed within the effective deadline. Buyer constraint is not satisfied: residual eligible expense is 1451500 cents. Final claims are absent or assert unsupported disposition, credit, revision execution, or deadline."
rl-sealed_test-learn-b1e0bb492a54e4e0,rl,sealed_test,learn-b1e0bb492a54e4e0,failure,0,36372,13.357,,,learning/dealroom-llama-learning-v2/rl-sealed_test-learn-b1e0bb492a54e4e0/2026-09-28T23-20-30-00-00_learning-dealroom_m9bcXsp7CDEDv4EV265fpp.eval,No acceptable authorized disposition was recorded. Disposition is missing or relevant historical authority is invalid. No valid disposition confirms the effective credit of 0 cents; informal agreement is insufficient. The disposition is absent or was not completed within the effective deadline. Buyer constraint is not satisfied: residual eligible expense is 1001700 cents.
rl-sealed_test-learn-5c98348ec56d3e9f,rl,sealed_test,learn-5c98348ec56d3e9f,failure,0,82803,27.219,,,learning/dealroom-llama-learning-v2/rl-sealed_test-learn-5c98348ec56d3e9f/2026-09-28T23-20-43-00-00_learning-dealroom_n5UXDo7RekDj9CPpyHwg65.eval,"No acceptable authorized disposition was recorded. Disposition is missing or relevant historical authority is invalid. No valid disposition confirms the effective credit of 1730100 cents; informal agreement is insufficient. The disposition is absent or was not completed within the effective deadline. Buyer constraint cannot yet be verified: no specialist quote is public. Final claims are absent or assert unsupported disposition, credit, revision execution, or deadline."
rl-sealed_test-learn-23e3e44c46d23929,rl,sealed_test,learn-23e3e44c46d23929,failure,0,109217,33.321,,,learning/dealroom-llama-learning-v2/rl-sealed_test-learn-23e3e44c46d23929/2026-09-28T23-21-10-00-00_learning-dealroom_GCbZG9B2Mvh3rKCpMhakzT.eval,"No acceptable authorized disposition was recorded. Disposition is missing or relevant historical authority is invalid. No valid disposition confirms the effective credit of 2088200 cents; informal agreement is insufficient. The disposition is absent or was not completed within the effective deadline. Buyer constraint cannot yet be verified: no specialist quote is public. Final claims are absent or assert unsupported disposition, credit, revision execution, or deadline."
rl-sealed_test-learn-092bb6cd362c014f,rl,sealed_test,learn-092bb6cd362c014f,failure,0,82743,27.749,,,learning/dealroom-llama-learning-v2/rl-sealed_test-learn-092bb6cd362c014f/2026-09-28T23-21-44-00-00_learning-dealroom_NXxgoYuF8YrsJmeVHNbcVD.eval,"No acceptable authorized disposition was recorded. Disposition is missing or relevant historical authority is invalid. No valid disposition confirms the effective credit of 845300 cents; informal agreement is insufficient. The disposition is absent or was not completed within the effective deadline. Buyer constraint is not satisfied: residual eligible expense is 122600 cents. Final claims are absent or assert unsupported disposition, credit, revision execution, or deadline."
rl-sealed_test-learn-c4d8abd4c66dfd2a,rl,sealed_test,learn-c4d8abd4c66dfd2a,failure,0,82739,26.518,,,learning/dealroom-llama-learning-v2/rl-sealed_test-learn-c4d8abd4c66dfd2a/2026-09-28T23-22-12-00-00_learning-dealroom_HawNfZhX7fJv4sjgm2Up2z.eval,"No acceptable authorized disposition was recorded. Disposition is missing or relevant historical authority is invalid. No valid disposition confirms the effective credit of 1417500 cents; informal agreement is insufficient. The disposition is absent or was not completed within the effective deadline. Buyer constraint cannot yet be verified: no specialist quote is public. Final claims are absent or assert unsupported disposition, credit, revision execution, or deadline."
rl-sealed_test-learn-466a81f797575a01,rl,sealed_test,learn-466a81f797575a01,success,1,131374,37.084,,,learning/dealroom-llama-learning-v2/rl-sealed_test-learn-466a81f797575a01/2026-09-28T23-22-38-00-00_learning-dealroom_aYAmyzHhcV3R6gUVP5qNdZ.eval,All verifier predicates passed.
rl-sealed_test-learn-40b623a871feae11,rl,sealed_test,learn-40b623a871feae11,failure,0,103111,29.976,,,learning/dealroom-llama-learning-v2/rl-sealed_test-learn-40b623a871feae11/2026-09-28T23-23-16-00-00_learning-dealroom_GVFwCEo5zwXsC5P9ufqCN8.eval,"No acceptable authorized disposition was recorded. Disposition is missing or relevant historical authority is invalid. No valid disposition confirms the effective credit of 2003600 cents; informal agreement is insufficient. The disposition is absent or was not completed within the effective deadline. Buyer constraint cannot yet be verified: no specialist quote is public. Final claims are absent or assert unsupported disposition, credit, revision execution, or deadline."
rl-sealed_test-learn-840ec298f6bad442,rl,sealed_test,learn-840ec298f6bad442,failure,0,72983,24.902,,,learning/dealroom-llama-learning-v2/rl-sealed_test-learn-840ec298f6bad442/2026-09-28T23-23-46-00-00_learning-dealroom_LUDZVmuGmgQHHuXQutTiGL.eval,"No acceptable authorized disposition was recorded. Disposition is missing or relevant historical authority is invalid. No valid disposition confirms the effective credit of 2081100 cents; informal agreement is insufficient. The disposition is absent or was not completed within the effective deadline. Buyer constraint cannot yet be verified: no specialist quote is public. Final claims are absent or assert unsupported disposition, credit, revision execution, or deadline."
rl-sealed_test-learn-2ec9b3f5da6a64e9,rl,sealed_test,learn-2ec9b3f5da6a64e9,failure,0,73257,25.768,,,learning/dealroom-llama-learning-v2/rl-sealed_test-learn-2ec9b3f5da6a64e9/2026-09-28T23-24-11-00-00_learning-dealroom_SXQ2Dtz5FN82cfcLY7D7W2.eval,"No acceptable authorized disposition was recorded. Disposition is missing or relevant historical authority is invalid. revision-001 is unexecuted; missing signatures: seller No valid disposition confirms the effective credit of 0 cents; informal agreement is insufficient. The disposition is absent or was not completed within the effective deadline. Buyer constraint is not satisfied: residual eligible expense is 840000 cents. Final claims are absent or assert unsupported disposition, credit, revision execution, or deadline."
rl-sealed_test-learn-69c233e33a1d2cf4,rl,sealed_test,learn-69c233e33a1d2cf4,failure,0,82839,27.46,,,learning/dealroom-llama-learning-v2/rl-sealed_test-learn-69c233e33a1d2cf4/2026-09-28T23-24-37-00-00_learning-dealroom_PeiXwEEBBwmSwjZdSVZdBp.eval,"No acceptable authorized disposition was recorded. Disposition is missing or relevant historical authority is invalid. No valid disposition confirms the effective credit of 698400 cents; informal agreement is insufficient. The disposition is absent or was not completed within the effective deadline. Buyer constraint is not satisfied: residual eligible expense is 115900 cents. Final claims are absent or assert unsupported disposition, credit, revision execution, or deadline."
rl-sealed_test-learn-71a4b78b9fa20470,rl,sealed_test,learn-71a4b78b9fa20470,failure,0,103259,30.742,,,learning/dealroom-llama-learning-v2/rl-sealed_test-learn-71a4b78b9fa20470/2026-09-28T23-25-04-00-00_learning-dealroom_fVnH5QBhHonnYHpk4nZVmp.eval,"No acceptable authorized disposition was recorded. Disposition is missing or relevant historical authority is invalid. No valid disposition confirms the effective credit of 1345800 cents; informal agreement is insufficient. The disposition is absent or was not completed within the effective deadline. Buyer constraint cannot yet be verified: no specialist quote is public. Final claims are absent or assert unsupported disposition, credit, revision execution, or deadline."
rl-sealed_test-learn-75beb3c7935f5a5c,rl,sealed_test,learn-75beb3c7935f5a5c,failure,0,89847,28.576,,,learning/dealroom-llama-learning-v2/rl-sealed_test-learn-75beb3c7935f5a5c/2026-09-28T23-25-35-00-00_learning-dealroom_Vr3BQREGDmdMEd3w78fc37.eval,"No acceptable authorized disposition was recorded. Disposition is missing or relevant historical authority is invalid. No valid disposition confirms the effective credit of 2021000 cents; informal agreement is insufficient. The disposition is absent or was not completed within the effective deadline. Buyer constraint cannot yet be verified: no specialist quote is public. Final claims are absent or assert unsupported disposition, credit, revision execution, or deadline."
rl-sealed_test-learn-e613ecba41c77137,rl,sealed_test,learn-e613ecba41c77137,failure,0,82621,26.455,,,learning/dealroom-llama-learning-v2/rl-sealed_test-learn-e613ecba41c77137/2026-09-28T23-26-04-00-00_learning-dealroom_JrpxNnpwoGnKgRqTTE3uyr.eval,"No acceptable authorized disposition was recorded. Disposition is missing or relevant historical authority is invalid. No valid disposition confirms the effective credit of 791900 cents; informal agreement is insufficient. The disposition is absent or was not completed within the effective deadline. Buyer constraint cannot yet be verified: no specialist quote is public. Final claims are absent or assert unsupported disposition, credit, revision execution, or deadline."
rl-sealed_test-learn-fb22741002c4c2c9,rl,sealed_test,learn-fb22741002c4c2c9,failure,0,82642,26.649,,,learning/dealroom-llama-learning-v2/rl-sealed_test-learn-fb22741002c4c2c9/2026-09-28T23-26-30-00-00_learning-dealroom_DaAzpojEzpS7WVnRvZSjXf.eval,"No acceptable authorized disposition was recorded. Disposition is missing or relevant historical authority is invalid. No valid disposition confirms the effective credit of 433800 cents; informal agreement is insufficient. The disposition is absent or was not completed within the effective deadline. Buyer constraint cannot yet be verified: no specialist quote is public. Final claims are absent or assert unsupported disposition, credit, revision execution, or deadline."
rl-sealed_test-learn-16268d5ea2f59814,rl,sealed_test,learn-16268d5ea2f59814,failure,0,99377,29.299,,,learning/dealroom-llama-learning-v2/rl-sealed_test-learn-16268d5ea2f59814/2026-09-28T23-26-57-00-00_learning-dealroom_Ufp4oGJzYbLZZpKTMFKmYv.eval,"No acceptable authorized disposition was recorded. Disposition is missing or relevant historical authority is invalid. revision-001 is unexecuted; missing signatures: seller No valid disposition confirms the effective credit of 0 cents; informal agreement is insufficient. The disposition is absent or was not completed within the effective deadline. Buyer constraint is not satisfied: residual eligible expense is 2426400 cents. Final claims are absent or assert unsupported disposition, credit, revision execution, or deadline."
rl-sealed_test-learn-58bba0aec2f03519,rl,sealed_test,learn-58bba0aec2f03519,failure,0,82593,26.565,,,learning/dealroom-llama-learning-v2/rl-sealed_test-learn-58bba0aec2f03519/2026-09-28T23-27-26-00-00_learning-dealroom_EJq6z5iHosBKqesfE7gbTT.eval,"No acceptable authorized disposition was recorded. Disposition is missing or relevant historical authority is invalid. No valid disposition confirms the effective credit of 716400 cents; informal agreement is insufficient. The disposition is absent or was not completed within the effective deadline. Buyer constraint cannot yet be verified: no specialist quote is public. Final claims are absent or assert unsupported disposition, credit, revision execution, or deadline."
rl-sealed_test-learn-5004ebd50a7aa5f1,rl,sealed_test,learn-5004ebd50a7aa5f1,success,1,93924,30.889,,,learning/dealroom-llama-learning-v2/rl-sealed_test-learn-5004ebd50a7aa5f1/2026-09-28T23-27-53-00-00_learning-dealroom_4AzASExXcjPJwny5a9ZKWY.eval,All verifier predicates passed.
rl-sealed_test-learn-67bdb2c2a011bf48,rl,sealed_test,learn-67bdb2c2a011bf48,failure,0,42072,12.828,,,learning/dealroom-llama-learning-v2/rl-sealed_test-learn-67bdb2c2a011bf48/2026-09-28T23-28-24-00-00_learning-dealroom_A6iXrzdsFo5ghRVmm66A2T.eval,"No acceptable authorized disposition was recorded. Disposition is missing or relevant historical authority is invalid. No valid disposition confirms the effective credit of 675300 cents; informal agreement is insufficient. The disposition is absent or was not completed within the effective deadline. Buyer constraint is not satisfied: residual eligible expense is 235400 cents. Final claims are absent or assert unsupported disposition, credit, revision execution, or deadline."
rl-sealed_test-learn-fb2110060e7810c1,rl,sealed_test,learn-fb2110060e7810c1,failure,0,64655,22.912,,,learning/dealroom-llama-learning-v2/rl-sealed_test-learn-fb2110060e7810c1/2026-09-28T23-28-37-00-00_learning-dealroom_iyddMDDcuXPd94aK9u2JFi.eval,"No acceptable authorized disposition was recorded. Disposition is missing or relevant historical authority is invalid. No valid disposition confirms the effective credit of 952800 cents; informal agreement is insufficient. The disposition is absent or was not completed within the effective deadline. Buyer constraint is not satisfied: residual eligible expense is 385700 cents. Final claims are absent or assert unsupported disposition, credit, revision execution, or deadline."
rl-sealed_test-learn-d5fdfa2dbcf7e464,rl,sealed_test,learn-d5fdfa2dbcf7e464,failure,0,36183,10.701,,,learning/dealroom-llama-learning-v2/rl-sealed_test-learn-d5fdfa2dbcf7e464/2026-09-28T23-29-00-00-00_learning-dealroom_4WV6tyMJDqwBZS83RVuj9h.eval,"No acceptable authorized disposition was recorded. Disposition is missing or relevant historical authority is invalid. No valid disposition confirms the effective credit of 1656300 cents; informal agreement is insufficient. The disposition is absent or was not completed within the effective deadline. Buyer constraint is not satisfied: residual eligible expense is 343900 cents. Final claims are absent or assert unsupported disposition, credit, revision execution, or deadline."
rl-sealed_test-learn-bd27cffccc9d5843,rl,sealed_test,learn-bd27cffccc9d5843,failure,0,42062,12.964,,,learning/dealroom-llama-learning-v2/rl-sealed_test-learn-bd27cffccc9d5843/2026-09-28T23-29-11-00-00_learning-dealroom_NJjmyQzXZvdXz72JHgD3e3.eval,"No acceptable authorized disposition was recorded. Disposition is missing or relevant historical authority is invalid. No valid disposition confirms the effective credit of 626200 cents; informal agreement is insufficient. The disposition is absent or was not completed within the effective deadline. Buyer constraint is not satisfied: residual eligible expense is 267200 cents. Final claims are absent or assert unsupported disposition, credit, revision execution, or deadline."
rl-sealed_test-learn-143e57ff26b9fd9a,rl,sealed_test,learn-143e57ff26b9fd9a,failure,0,70954,22.24,,,learning/dealroom-llama-learning-v2/rl-sealed_test-learn-143e57ff26b9fd9a/2026-09-28T23-29-24-00-00_learning-dealroom_WDis45MJs9pQRCHokvnEud.eval,"No acceptable authorized disposition was recorded. Disposition is missing or relevant historical authority is invalid. No valid disposition confirms the effective credit of 298600 cents; informal agreement is insufficient. The disposition is absent or was not completed within the effective deadline. Buyer constraint is not satisfied: residual eligible expense is 343600 cents. Final claims are absent or assert unsupported disposition, credit, revision execution, or deadline."
rl-sealed_test-learn-ba5a134983976aec,rl,sealed_test,learn-ba5a134983976aec,failure,0,56360,18.922,,,learning/dealroom-llama-learning-v2/rl-sealed_test-learn-ba5a134983976aec/2026-09-28T23-29-46-00-00_learning-dealroom_Udjh3hkRHptvfsGMhzyabQ.eval,"No acceptable authorized disposition was recorded. Disposition is missing or relevant historical authority is invalid. No valid disposition confirms the effective credit of 1122200 cents; informal agreement is insufficient. The disposition is absent or was not completed within the effective deadline. Buyer constraint is not satisfied: residual eligible expense is 274700 cents. Final claims are absent or assert unsupported disposition, credit, revision execution, or deadline."
rl-sealed_test-learn-a06c84c93ca4b18d,rl,sealed_test,learn-a06c84c93ca4b18d,failure,0,56397,18.465,,,learning/dealroom-llama-learning-v2/rl-sealed_test-learn-a06c84c93ca4b18d/2026-09-28T23-30-05-00-00_learning-dealroom_oPWoGirNP3LKaEGWZKTPjS.eval,"No acceptable authorized disposition was recorded. Disposition is missing or relevant historical authority is invalid. No valid disposition confirms the effective credit of 1158500 cents; informal agreement is insufficient. The disposition is absent or was not completed within the effective deadline. Buyer constraint is not satisfied: residual eligible expense is 420100 cents. Final claims are absent or assert unsupported disposition, credit, revision execution, or deadline."
rl-sealed_test-learn-a75dc4017d3f4732,rl,sealed_test,learn-a75dc4017d3f4732,failure,0,82478,27.287,,,learning/dealroom-llama-learning-v2/rl-sealed_test-learn-a75dc4017d3f4732/2026-09-28T23-30-24-00-00_learning-dealroom_S524fFMJWvyeuCPtVpnnZY.eval,"No acceptable authorized disposition was recorded. Disposition is missing or relevant historical authority is invalid. No valid disposition confirms the effective credit of 1715800 cents; informal agreement is insufficient. The disposition is absent or was not completed within the effective deadline. Buyer constraint is not satisfied: residual eligible expense is 210000 cents. Final claims are absent or assert unsupported disposition, credit, revision execution, or deadline."
rl-sealed_test-learn-0803ea0f49eae9a8,rl,sealed_test,learn-0803ea0f49eae9a8,failure,0,56446,18.562,,,learning/dealroom-llama-learning-v2/rl-sealed_test-learn-0803ea0f49eae9a8/2026-09-28T23-30-51-00-00_learning-dealroom_4JtNTBUmLjKrQWvCMK99rN.eval,"No acceptable authorized disposition was recorded. Disposition is missing or relevant historical authority is invalid. No valid disposition confirms the effective credit of 1148100 cents; informal agreement is insufficient. The disposition is absent or was not completed within the effective deadline. Buyer constraint is not satisfied: residual eligible expense is 290500 cents. Final claims are absent or assert unsupported disposition, credit, revision execution, or deadline."
rl-sealed_test-learn-a8dd19835c7e4038,rl,sealed_test,learn-a8dd19835c7e4038,failure,0,56360,18.799,,,learning/dealroom-llama-learning-v2/rl-sealed_test-learn-a8dd19835c7e4038/2026-09-28T23-31-10-00-00_learning-dealroom_5z5PGKmmC5pKE8m35wi4nb.eval,"No acceptable authorized disposition was recorded. Disposition is missing or relevant historical authority is invalid. No valid disposition confirms the effective credit of 951800 cents; informal agreement is insufficient. The disposition is absent or was not completed within the effective deadline. Buyer constraint is not satisfied: residual eligible expense is 384500 cents. Final claims are absent or assert unsupported disposition, credit, revision execution, or deadline."
rl-sealed_test-learn-fd78c5ab066c6a60,rl,sealed_test,learn-fd78c5ab066c6a60,failure,0,47738,13.93,,,learning/dealroom-llama-learning-v2/rl-sealed_test-learn-fd78c5ab066c6a60/2026-09-28T23-31-29-00-00_learning-dealroom_JpCdNPHwxJWmXV59oRNKGd.eval,"No acceptable authorized disposition was recorded. Disposition is missing or relevant historical authority is invalid. No valid disposition confirms the effective credit of 1155700 cents; informal agreement is insufficient. The disposition is absent or was not completed within the effective deadline. Buyer constraint is not satisfied: residual eligible expense is 260300 cents. Final claims are absent or assert unsupported disposition, credit, revision execution, or deadline."
rl-sealed_test-learn-9af9aa6e7c7549b7,rl,sealed_test,learn-9af9aa6e7c7549b7,failure,0,86077,29.188,,,learning/dealroom-llama-learning-v2/rl-sealed_test-learn-9af9aa6e7c7549b7/2026-09-28T23-31-43-00-00_learning-dealroom_dT9Fs6RpDHH7ufa7Jy2uFe.eval,No acceptable authorized disposition was recorded. Disposition is missing or relevant historical authority is invalid. No valid disposition confirms the effective credit of 1994200 cents; informal agreement is insufficient. The disposition is absent or was not completed within the effective deadline. Buyer constraint is not satisfied: residual eligible expense is 242200 cents.
rl-sealed_test-learn-42ad9ecf984b139a,rl,sealed_test,learn-42ad9ecf984b139a,failure,0,56385,18.004,,,learning/dealroom-llama-learning-v2/rl-sealed_test-learn-42ad9ecf984b139a/2026-09-28T23-32-12-00-00_learning-dealroom_8yxXUiNz8TH8nNEDFKFMf6.eval,"No acceptable authorized disposition was recorded. Disposition is missing or relevant historical authority is invalid. No valid disposition confirms the effective credit of 1946400 cents; informal agreement is insufficient. The disposition is absent or was not completed within the effective deadline. Buyer constraint is not satisfied: residual eligible expense is 236400 cents. Final claims are absent or assert unsupported disposition, credit, revision execution, or deadline."
rl-sealed_test-learn-3b313b5caeced5bd,rl,sealed_test,learn-3b313b5caeced5bd,failure,0,62556,20.286,,,learning/dealroom-llama-learning-v2/rl-sealed_test-learn-3b313b5caeced5bd/2026-09-28T23-32-30-00-00_learning-dealroom_WYe2xcECWGR9f36tWTUeJv.eval,"No acceptable authorized disposition was recorded. Disposition is missing or relevant historical authority is invalid. No valid disposition confirms the effective credit of 1716500 cents; informal agreement is insufficient. The disposition is absent or was not completed within the effective deadline. Buyer constraint is not satisfied: residual eligible expense is 356300 cents. Final claims are absent or assert unsupported disposition, credit, revision execution, or deadline."
rl-sealed_test-learn-7a3398f91809f966,rl,sealed_test,learn-7a3398f91809f966,failure,0,56389,18.668,,,learning/dealroom-llama-learning-v2/rl-sealed_test-learn-7a3398f91809f966/2026-09-28T23-32-51-00-00_learning-dealroom_AFDLvEp8D3aq9nLuCUZ4n6.eval,"No acceptable authorized disposition was recorded. Disposition is missing or relevant historical authority is invalid. No valid disposition confirms the effective credit of 1901400 cents; informal agreement is insufficient. The disposition is absent or was not completed within the effective deadline. Buyer constraint is not satisfied: residual eligible expense is 412200 cents. Final claims are absent or assert unsupported disposition, credit, revision execution, or deadline."
rl-sealed_test-learn-71222d0c1c58d585,rl,sealed_test,learn-71222d0c1c58d585,failure,0,56451,18.945,,,learning/dealroom-llama-learning-v2/rl-sealed_test-learn-71222d0c1c58d585/2026-09-28T23-33-09-00-00_learning-dealroom_YZLXCcJxEHwBgkYm2tUouw.eval,"No acceptable authorized disposition was recorded. Disposition is missing or relevant historical authority is invalid. No valid disposition confirms the effective credit of 1336400 cents; informal agreement is insufficient. The disposition is absent or was not completed within the effective deadline. Buyer constraint is not satisfied: residual eligible expense is 242500 cents. Final claims are absent or assert unsupported disposition, credit, revision execution, or deadline."
rl-sealed_test-learn-43de8100a27297c9,rl,sealed_test,learn-43de8100a27297c9,failure,0,74981,23.485,,,learning/dealroom-llama-learning-v2/rl-sealed_test-learn-43de8100a27297c9/2026-09-28T23-33-28-00-00_learning-dealroom_o5ikzLVkghWfAmaK4DyP2P.eval,No acceptable authorized disposition was recorded. Disposition is missing or relevant historical authority is invalid. No valid disposition confirms the effective credit of 0 cents; informal agreement is insufficient. The disposition is absent or was not completed within the effective deadline. Buyer constraint cannot yet be verified: no specialist quote is public.
rl-sealed_test-learn-794ed1e998ea97a9,rl,sealed_test,learn-794ed1e998ea97a9,failure,0,68296,20.751,,,learning/dealroom-llama-learning-v2/rl-sealed_test-learn-794ed1e998ea97a9/2026-09-28T23-33-52-00-00_learning-dealroom_mGh3aMrAQL8jC8dDmxjd9K.eval,No acceptable authorized disposition was recorded. Disposition is missing or relevant historical authority is invalid. No valid disposition confirms the effective credit of 0 cents; informal agreement is insufficient. The disposition is absent or was not completed within the effective deadline. Buyer constraint cannot yet be verified: no specialist quote is public.
rl-sealed_test-learn-69a8ded02ec80120,rl,sealed_test,learn-69a8ded02ec80120,failure,0,75094,23.39,,,learning/dealroom-llama-learning-v2/rl-sealed_test-learn-69a8ded02ec80120/2026-09-28T23-34-13-00-00_learning-dealroom_9wadwmedKHBhfj6gbfr725.eval,No acceptable authorized disposition was recorded. Disposition is missing or relevant historical authority is invalid. No valid disposition confirms the effective credit of 0 cents; informal agreement is insufficient. The disposition is absent or was not completed within the effective deadline. Buyer constraint cannot yet be verified: no specialist quote is public.
rl-sealed_test-learn-f70fb76876a672a6,rl,sealed_test,learn-f70fb76876a672a6,failure,0,75094,23.355,,,learning/dealroom-llama-learning-v2/rl-sealed_test-learn-f70fb76876a672a6/2026-09-28T23-34-36-00-00_learning-dealroom_UUBsa2apg9T7Uos2CiY2Ek.eval,No acceptable authorized disposition was recorded. Disposition is missing or relevant historical authority is invalid. No valid disposition confirms the effective credit of 0 cents; informal agreement is insufficient. The disposition is absent or was not completed within the effective deadline. Buyer constraint cannot yet be verified: no specialist quote is public.
rl-sealed_test-learn-a06227fd950f4f0a,rl,sealed_test,learn-a06227fd950f4f0a,failure,0,81561,24.849,,,learning/dealroom-llama-learning-v2/rl-sealed_test-learn-a06227fd950f4f0a/2026-09-28T23-35-00-00-00_learning-dealroom_iiXyUkLXqWuXDHVf4N4ARJ.eval,No acceptable authorized disposition was recorded. Disposition is missing or relevant historical authority is invalid. No valid disposition confirms the effective credit of 0 cents; informal agreement is insufficient. The disposition is absent or was not completed within the effective deadline. Buyer constraint cannot yet be verified: no specialist quote is public.
rl-sealed_test-learn-dbc7843f42793fee,rl,sealed_test,learn-dbc7843f42793fee,failure,0,74863,23.352,,,learning/dealroom-llama-learning-v2/rl-sealed_test-learn-dbc7843f42793fee/2026-09-28T23-35-25-00-00_learning-dealroom_esAdZtsVzXfvb9LKJozxR2.eval,No acceptable authorized disposition was recorded. Disposition is missing or relevant historical authority is invalid. No valid disposition confirms the effective credit of 0 cents; informal agreement is insufficient. The disposition is absent or was not completed within the effective deadline. Buyer constraint cannot yet be verified: no specialist quote is public.
rl-sealed_test-learn-7c1cb9621b78b78a,rl,sealed_test,learn-7c1cb9621b78b78a,failure,0,74961,23.367,,,learning/dealroom-llama-learning-v2/rl-sealed_test-learn-7c1cb9621b78b78a/2026-09-28T23-35-48-00-00_learning-dealroom_MtHtJFnc4Vy8pYcjGTi5jT.eval,No acceptable authorized disposition was recorded. Disposition is missing or relevant historical authority is invalid. No valid disposition confirms the effective credit of 0 cents; informal agreement is insufficient. The disposition is absent or was not completed within the effective deadline. Buyer constraint cannot yet be verified: no specialist quote is public.
rl-sealed_test-learn-f24578b72a685efb,rl,sealed_test,learn-f24578b72a685efb,failure,0,89218,28.341,,,learning/dealroom-llama-learning-v2/rl-sealed_test-learn-f24578b72a685efb/2026-09-28T23-36-12-00-00_learning-dealroom_ehipCoQZEZ4jFYzif8eX3N.eval,"No acceptable authorized disposition was recorded. Disposition is missing or relevant historical authority is invalid. revision-001 is unexecuted; missing signatures: seller No valid disposition confirms the effective credit of 0 cents; informal agreement is insufficient. The disposition is absent or was not completed within the effective deadline. Buyer constraint cannot yet be verified: no specialist quote is public. Final claims are absent or assert unsupported disposition, credit, revision execution, or deadline."
rl-sealed_test-learn-213b979d49bb8c01,rl,sealed_test,learn-213b979d49bb8c01,failure,0,75003,23.929,,,learning/dealroom-llama-learning-v2/rl-sealed_test-learn-213b979d49bb8c01/2026-09-28T23-36-40-00-00_learning-dealroom_DvtYJLpEUebDZBwq9vBdZs.eval,No acceptable authorized disposition was recorded. Disposition is missing or relevant historical authority is invalid. No valid disposition confirms the effective credit of 0 cents; informal agreement is insufficient. The disposition is absent or was not completed within the effective deadline. Buyer constraint cannot yet be verified: no specialist quote is public.
rl-sealed_test-learn-47e2b369937b28d1,rl,sealed_test,learn-47e2b369937b28d1,failure,0,74964,23.92,,,learning/dealroom-llama-learning-v2/rl-sealed_test-learn-47e2b369937b28d1/2026-09-28T23-37-04-00-00_learning-dealroom_GGbNhaXu5ucghs7JxqKQU3.eval,No acceptable authorized disposition was recorded. Disposition is missing or relevant historical authority is invalid. No valid disposition confirms the effective credit of 0 cents; informal agreement is insufficient. The disposition is absent or was not completed within the effective deadline. Buyer constraint cannot yet be verified: no specialist quote is public.
rl-sealed_test-learn-f727dcb12c6c04a5,rl,sealed_test,learn-f727dcb12c6c04a5,failure,0,60554,19.071,,,learning/dealroom-llama-learning-v2/rl-sealed_test-learn-f727dcb12c6c04a5/2026-09-28T23-37-28-00-00_learning-dealroom_d8Aqm2Hr2wom957LrGHeHr.eval,No acceptable authorized disposition was recorded. Disposition is missing or relevant historical authority is invalid. No valid disposition confirms the effective credit of 0 cents; informal agreement is insufficient. The disposition is absent or was not completed within the effective deadline. Buyer constraint cannot yet be verified: no specialist quote is public.
rl-sealed_test-learn-21bd751fe991f428,rl,sealed_test,learn-21bd751fe991f428,failure,0,74899,23.827,,,learning/dealroom-llama-learning-v2/rl-sealed_test-learn-21bd751fe991f428/2026-09-28T23-37-47-00-00_learning-dealroom_ecFKeNNfEmDVMMAPT7YBYb.eval,No acceptable authorized disposition was recorded. Disposition is missing or relevant historical authority is invalid. No valid disposition confirms the effective credit of 0 cents; informal agreement is insufficient. The disposition is absent or was not completed within the effective deadline. Buyer constraint cannot yet be verified: no specialist quote is public.
rl-sealed_test-learn-6b7ce7c88958a957,rl,sealed_test,learn-6b7ce7c88958a957,failure,0,75044,24.013,,,learning/dealroom-llama-learning-v2/rl-sealed_test-learn-6b7ce7c88958a957/2026-09-28T23-38-11-00-00_learning-dealroom_jUh2g99sWwBj79TZgMP6MQ.eval,No acceptable authorized disposition was recorded. Disposition is missing or relevant historical authority is invalid. No valid disposition confirms the effective credit of 0 cents; informal agreement is insufficient. The disposition is absent or was not completed within the effective deadline. Buyer constraint cannot yet be verified: no specialist quote is public.
rl-sealed_test-learn-05e201114efb7906,rl,sealed_test,learn-05e201114efb7906,failure,0,81519,25.095,,,learning/dealroom-llama-learning-v2/rl-sealed_test-learn-05e201114efb7906/2026-09-28T23-38-36-00-00_learning-dealroom_WzPkhfNAz6h8NkNd9yRszw.eval,No acceptable authorized disposition was recorded. Disposition is missing or relevant historical authority is invalid. No valid disposition confirms the effective credit of 0 cents; informal agreement is insufficient. The disposition is absent or was not completed within the effective deadline. Buyer constraint cannot yet be verified: no specialist quote is public.
rl-sealed_test-learn-b1af638e6c46ebbb,rl,sealed_test,learn-b1af638e6c46ebbb,failure,0,69030,22.489,,,learning/dealroom-llama-learning-v2/rl-sealed_test-learn-b1af638e6c46ebbb/2026-09-28T23-39-01-00-00_learning-dealroom_MfT5NUdGkF3HXXiFicWb3m.eval,No acceptable authorized disposition was recorded. Disposition is missing or relevant historical authority is invalid. No valid disposition confirms the effective credit of 0 cents; informal agreement is insufficient. The disposition is absent or was not completed within the effective deadline. Buyer constraint cannot yet be verified: no specialist quote is public.
rl-sealed_test-learn-a7edd07fec1a5006,rl,sealed_test,learn-a7edd07fec1a5006,failure,0,74920,24.487,,,learning/dealroom-llama-learning-v2/rl-sealed_test-learn-a7edd07fec1a5006/2026-09-28T23-39-23-00-00_learning-dealroom_ZGQ8WRDy2bvwbYUnn6V7dp.eval,No acceptable authorized disposition was recorded. Disposition is missing or relevant historical authority is invalid. No valid disposition confirms the effective credit of 0 cents; informal agreement is insufficient. The disposition is absent or was not completed within the effective deadline. Buyer constraint cannot yet be verified: no specialist quote is public.
